left_shoulder_x,left_shoulder_y,right_shoulder_x,right_shoulder_y,left_elbow_x,left_elbow_y,right_elbow_x,right_elbow_y,left_eye_x,left_eye_y,right_eye_x,right_eye_y,nose_x,nose_y,result
195.78203344345093,142.4919232726097,79.18068301677704,149.61445152759552,244.30592322349548,219.93617326021194,18.50079309940338,220.36345064640045,244.30592322349548,219.93617326021194,18.50079309940338,220.36345064640045,143.15378665924072,107.67299957573414,1
239.44377899169922,163.38279086351395,129.1027250289917,157.19455602765083,286.4213161468506,231.8681783080101,86.1482629776001,224.78606003522873,286.4213161468506,231.8681783080101,86.1482629776001,224.78606003522873,181.54693412780762,93.82960286736488,1
500.08623027801514,472.0973225235939,154.5640585422516,468.47282361984253,565.5782295465469,775.29599827528,89.4306371808052,774.9987763166428,565.5782295465469,775.29599827528,89.4306371808052,774.9987763166428,340.7420637011528,272.53463113307953,1
177.33493995666504,153.5742238163948,50.01826500892639,152.21711248159409,195.14542150497437,255.62584400177002,35.829673290252686,242.1530932188034,195.14542150497437,255.62584400177002,35.829673290252686,242.1530932188034,110.54201316833496,79.5973189175129,1
549.2679290771484,490.1810531616211,204.00666046142578,486.7364273071289,651.8014068603516,762.5961227416992,125.78077697753906,790.8015975952148,651.8014068603516,762.5961227416992,125.78077697753906,790.8015975952148,371.91595458984375,278.2478313446045,1
827.7757762670517,559.5537713766098,483.1650755405426,563.1964747905731,938.127372443676,832.5941915512085,408.454602599144,867.3826688528061,938.127372443676,832.5941915512085,408.454602599144,867.3826688528061,657.5124551653862,352.80244767665863,1
578.4088715314865,540.2709095478058,228.73382225632668,552.1000112295151,635.388340473175,802.4515985250473,207.10046330094337,852.7474272251129,635.388340473175,802.4515985250473,207.10046330094337,852.7474272251129,411.9847011566162,369.9181903600693,1
850.2925466895103,544.7577111124992,483.00432282686234,556.3043063879013,911.021187722683,874.8795808553696,396.09333738684654,871.7938302755356,911.021187722683,874.8795808553696,396.09333738684654,871.7938302755356,658.880361020565,347.3128282427788,1
169.28941774368286,150.4029582440853,45.47939145565033,148.8494070470333,183.61693048477173,248.1890566945076,27.525893926620483,249.4347347021103,183.61693048477173,248.1890566945076,27.525893926620483,249.4347347021103,104.5350239276886,79.22675091028214,1
570.1864640712738,540.9515424966812,209.4693053662777,541.8351349830627,623.5344886779785,874.9701628684998,117.65950846672058,833.8932238817215,623.5344886779785,874.9701628684998,117.65950846672058,833.8932238817215,375.6620408296585,333.37904611229897,1
798.0320028662682,584.9626212716103,486.9912149012089,571.7849916815758,949.2514979839325,847.1581317186356,349.54909148812294,854.321085691452,949.2514979839325,847.1581317186356,349.54909148812294,854.321085691452,643.6880385875702,375.59349578619003,1
601.1972165107727,556.2867896556854,288.4051910340786,553.1966201663017,751.3780701756477,823.838938832283,156.1365727186203,835.5924417972565,751.3780701756477,823.838938832283,156.1365727186203,835.5924417972565,449.5204991698265,350.4777209162712,1
802.3885517120361,575.0854271650314,491.11261224746704,569.3822175264359,957.6226387023926,855.3227430582047,362.22686862945557,857.4703574180603,957.6226387023926,855.3227430582047,362.22686862945557,857.4703574180603,650.9106388092041,375.52170395851135,1
540.8070802688599,463.43311858177185,231.9301962852478,456.7403681874275,696.7638039588928,742.6362261772156,93.4375512599945,745.1398140192032,696.7638039588928,742.6362261772156,93.4375512599945,745.1398140192032,389.0420126914978,266.1188760101795,1
510.5823726654053,427.06871312856674,198.00080090761185,417.8419237732887,662.3694042563438,704.940621972084,62.18942892551422,698.7231616973877,662.3694042563438,704.940621972084,62.18942892551422,698.7231616973877,356.9448662996292,222.06306374073029,1
181.5930722951889,159.33710825443268,49.96603564918041,157.0703605413437,209.38359653949738,264.8433920145035,23.80440393090248,257.35775113105774,209.38359653949738,264.8433920145035,23.80440393090248,257.35775113105774,112.47960752248764,81.92243394255638,1
553.3878037333488,589.6519603729248,241.78174804151058,583.4615867137909,701.649371266365,859.3085327148438,104.76053595542908,866.9231362342834,701.649371266365,859.3085327148438,104.76053595542908,866.9231362342834,401.34564024209976,387.9152294397354,1
811.1906051635742,408.00139129161835,497.0954358577728,403.2418069243431,963.1118923425674,679.7141891717911,365.4717281460762,685.9222370386124,963.1118923425674,679.7141891717911,365.4717281460762,685.9222370386124,655.8726727962494,206.42407178878784,1
816.3485496044159,424.516546189785,503.04180043935776,416.07205188274384,967.0830588340759,706.7691786289215,365.29971528053284,700.0228661298752,967.0830588340759,706.7691786289215,365.29971528053284,700.0228661298752,660.791329741478,224.420196890831,1
519.2511086463928,414.4576721191406,210.05775006115437,408.4897155761719,675.6460740566254,685.0455322265625,73.93301060795784,693.8502044677734,675.6460740566254,685.0455322265625,73.93301060795784,693.8502044677734,365.35378313064575,212.5616912841797,1
208.52435111999512,189.2541402578354,59.1388863325119,186.6784644126892,233.5591757297516,314.43503856658936,29.825104475021362,297.9498839378357,233.5591757297516,314.43503856658936,29.825104475021362,297.9498839378357,128.38474929332733,99.08634305000305,1
517.4747338294983,449.71270966529846,192.5622828155756,457.910875082016,570.7574033141136,706.6413502693176,150.77612829208374,737.4264450073242,570.7574033141136,706.6413502693176,150.77612829208374,737.4264450073242,342.34379732608795,258.8919382095337,1
715.5342783927917,424.8764455318451,393.5576603412628,429.9618465900421,768.5122871398926,667.6699619293213,348.3034596443176,707.9238359928131,768.5122871398926,667.6699619293213,348.3034596443176,707.9238359928131,540.0443677902222,234.41514587402344,1
495.61389684677124,462.9187843799591,171.10997427999973,471.1648780107498,546.5161650180817,713.1590466499329,126.10434088110924,746.3125015497208,546.5161650180817,713.1590466499329,126.10434088110924,746.3125015497208,319.9811134636402,273.97078597545624,1
215.95650959014893,175.83226516842842,62.02287437021732,188.6347404718399,310.0583448410034,95.9186401963234,34.62810447067022,311.24727976322174,310.0583448410034,95.9186401963234,34.62810447067022,311.24727976322174,137.4177393913269,102.16930270195007,1
654.6826305389404,539.655479311943,267.25191962718964,524.3791154623032,765.4305661916733,878.9627592563629,188.0516820549965,883.513725399971,765.4305661916733,878.9627592563629,188.0516820549965,883.513725399971,483.1657568216324,333.7305715084076,1
488.20230066776276,442.7497208416462,206.42157196998596,431.3603040575981,563.3488655090332,641.6085453033447,129.3973971158266,633.7746000289917,563.3488655090332,641.6085453033447,129.3973971158266,633.7746000289917,350.95066130161285,267.0102713406086,1
492.50510573387146,404.6475228667259,212.26681566238403,392.9739761352539,569.124829351902,604.5609998703003,133.163669988513,597.8171619772911,569.124829351902,604.5609998703003,133.163669988513,597.8171619772911,355.7125634551048,227.33614951372147,1
214.480295419693,193.91613453626633,58.388387471437454,189.98660892248154,226.7908751964569,318.68715584278107,33.67179590463638,310.26584655046463,226.7908751964569,318.68715584278107,33.67179590463638,310.26584655046463,134.0941311120987,106.37884587049484,1
410.82208800315857,399.32828229665756,130.56938111782074,390.13879358768463,489.7352809906006,599.600092291832,49.90624111890793,598.7197480201721,489.7352809906006,599.600092291832,49.90624111890793,598.7197480201721,275.9436917901039,225.51076817512512,1
429.33951139450073,339.50093626976013,147.42642760276794,330.07657900452614,505.95430314540863,540.5504685640335,69.28633734583855,532.5128555297852,505.95430314540863,540.5504685640335,69.28633734583855,532.5128555297852,293.4788826107979,162.52105951309204,1
500.77225255966187,340.3548949956894,218.79226577281952,328.9397969841957,578.3128080368042,541.9118463993073,141.54726764559746,531.680833697319,578.3128080368042,541.9118463993073,141.54726764559746,531.680833697319,362.8873211145401,167.98692226409912,1
400.5791026353836,449.377348780632,119.43549679219723,436.69026017189026,480.7145655155182,652.2385597229004,42.62579208612442,647.8027889728546,480.7145655155182,652.2385597229004,42.62579208612442,647.8027889728546,262.3386771082878,273.5145778656006,1
522.3926252126694,446.7566851079464,212.7821673154831,438.10717964172363,607.5490266084671,698.8714553117752,131.69855201244354,688.5149939060211,607.5490266084671,698.8714553117752,131.69855201244354,688.5149939060211,361.84154522418976,260.36420917510986,1
470.4388747215271,347.538705766201,161.71382427215576,340.2364763021469,556.5866276025772,606.1532584428787,79.67316490411758,594.9817485809326,556.5866276025772,606.1532584428787,79.67316490411758,594.9817485809326,310.8943442106247,167.65151989459991,1
451.9387650489807,372.6129215955734,151.0270558297634,363.92269563674927,543.5606217384338,630.3067066669464,62.24912792444229,620.7932893037796,543.5606217384338,630.3067066669464,62.24912792444229,620.7932893037796,293.4903225302696,195.53952026367188,1
511.8299044370651,428.60498970746994,203.51957920193672,417.24909260869026,603.4446538090706,679.3148456811905,120.26994979381561,673.2994322776794,603.4446538090706,679.3148456811905,120.26994979381561,673.2994322776794,353.85762774944305,241.63526940345764,1
434.8900881409645,409.2348091006279,131.45987249910831,401.94054064154625,525.5482628941536,656.285825252533,44.19127866625786,659.5465803742409,525.5482628941536,656.285825252533,44.19127866625786,659.5465803742409,281.36221691966057,219.69372737407684,1
526.3886697292328,332.8758622407913,223.00738048553467,325.7914590239525,618.376296043396,587.7684426307678,136.57953143119812,579.7663544416428,618.376296043396,587.7684426307678,136.57953143119812,579.7663544416428,373.15504217147827,153.0422017723322,1
172.62998872995377,146.01028871536255,47.55877208709717,143.6306961774826,188.66226279735565,247.82612097263336,28.515149265527725,241.48295032978058,188.66226279735565,247.82612097263336,28.515149265527725,241.48295032978058,108.84084224700928,73.52448460459709,1
452.21692979335785,328.7526593208313,171.02585300803185,338.1106743812561,537.3574361205101,580.5086164474487,84.71212849020958,578.0327091217041,537.3574361205101,580.5086164474487,84.71212849020958,578.0327091217041,316.45183458924294,167.34950160980225,1
417.85199278593063,340.98794960975647,129.74273291230202,354.67758536338806,500.24301767349243,593.3961857557297,41.00529474020004,601.0554031133652,500.24301767349243,593.3961857557297,41.00529474020004,601.0554031133652,267.34936863183975,181.98242032527924,1
431.92036467790604,393.9993691444397,140.39947651326656,405.08584529161453,507.4132583141327,644.0178706645966,51.78593447804451,649.9328501224518,507.4132583141327,644.0178706645966,51.78593447804451,649.9328501224518,282.4813866019249,230.9295859336853,1
410.2423937320709,395.06915187835693,113.75184416770935,397.2636528015137,483.15432572364807,643.586916923523,30.054325997829437,639.4557437896729,483.15432572364807,643.586916923523,30.054325997829437,639.4557437896729,260.3359321951866,228.40454769134521,1
458.10365080833435,328.7587376832962,161.5579703450203,339.72468090057373,535.2062214016914,579.1876022815704,80.13064259290695,582.0981311798096,535.2062214016914,579.1876022815704,80.13064259290695,582.0981311798096,310.04310554265976,170.26536691188812,1
498.91339325904846,447.1564114689827,209.63736495375633,442.71625381708145,574.1632793545723,633.6727960109711,141.62888976931572,640.4269432425499,574.1632793545723,633.6727960109711,141.62888976931572,640.4269432425499,359.94827485084534,262.14914578199387,1
455.74060106277466,342.69219517707825,171.0474922657013,337.46052861213684,530.911572933197,534.9090206623077,105.12165069580078,543.9823746681213,530.911572933197,534.9090206623077,105.12165069580078,543.9823746681213,319.71903347969055,158.02422612905502,1
192.06597805023193,174.78616124391556,56.35886251926422,180.97664234042168,184.94335174560547,293.28024888038635,75.27395248413086,319.12079483270645,184.94335174560547,293.28024888038635,75.27395248413086,319.12079483270645,135.40507674217224,105.67519319057465,1
441.3372545838356,357.9763448238373,156.07892733812332,352.9146194458008,514.2971266508102,548.8949799537659,87.66011849045753,550.6798267364502,514.2971266508102,548.8949799537659,87.66011849045753,550.6798267364502,307.1996228694916,174.35727506875992,1
474.89915931224823,345.0188784301281,190.22494959831238,342.0051265358925,545.312056183815,538.3503513932228,123.26976162195206,540.7683229446411,545.312056183815,538.3503513932228,123.26976162195206,540.7683229446411,338.5113561153412,163.05393713712692,1
401.7697002887726,353.4136414527893,118.156034886837,352.5075328350067,479.48181092739105,540.7878029346466,44.455765187740326,553.7261581420898,479.48181092739105,540.7878029346466,44.455765187740326,553.7261581420898,266.93344509601593,168.2765257358551,1
462.7641558647156,407.8802983760834,179.6727259159088,405.24794286489487,543.0316634774208,604.87697660923,117.21541172266006,600.463329076767,543.0316634774208,604.87697660923,117.21541172266006,600.463329076767,326.5678014755249,221.86015963554382,1
471.4253604412079,434.49371099472046,175.61147421598434,414.6754765510559,503.8595849275589,706.1624526977539,73.91976237297058,655.5544233322144,503.8595849275589,706.1624526977539,73.91976237297058,655.5544233322144,328.3401894569397,246.00857734680176,1
520.0757923126221,459.9292039871216,225.32265615463257,441.47376346588135,552.8213002681732,726.6633758544922,125.37199711799622,681.9043941497803,552.8213002681732,726.6633758544922,125.37199711799622,681.9043941497803,380.9344801902771,271.52171516418457,1
431.83757400512695,372.974751830101,134.32569533586502,350.6845291852951,467.7793164253235,635.8777701854706,37.64457392692566,583.8104948997498,467.7793164253235,635.8777701854706,37.64457392692566,583.8104948997498,290.8592594861984,179.59123706817627,1
476.6776125431061,385.76826840639114,180.8648071885109,364.70834344625473,513.2545603513718,650.2198702096939,80.29849016666412,603.1363707780838,513.2545603513718,650.2198702096939,80.29849016666412,603.1363707780838,336.60229963064194,192.48430788516998,1
192.01783418655396,182.33762741088867,46.86017334461212,194.5549955368042,198.0339412689209,327.02550315856934,85.63107347488403,322.6806058883667,198.0339412689209,327.02550315856934,85.63107347488403,322.6806058883667,124.32396936416626,107.68907451629639,1
467.00501120090485,467.94204890727997,172.55630725622177,445.25280833244324,507.63995575904846,729.0088486671448,70.43472822010517,679.4169157743454,507.63995575904846,729.0088486671448,70.43472822010517,679.4169157743454,327.20655059814453,273.9045464992523,1
526.7981380224228,452.69362568855286,231.62492856383324,452.62448638677597,606.4580569267273,690.0143048167229,185.86250054836273,662.0003074407578,606.4580569267273,690.0143048167229,185.86250054836273,662.0003074407578,386.02806264162064,273.5122421383858,1
423.5348200201988,396.5636361837387,129.8902561366558,394.2263195514679,503.32060277462006,631.0458791255951,82.22054368257523,615.8949129581451,503.32060277462006,631.0458791255951,82.22054368257523,615.8949129581451,282.52945122122765,210.90191888809204,1
520.1820027828217,403.5174226760864,221.57921314239502,400.8984375,601.5068507194519,641.5629863739014,174.72904801368713,620.5633735656738,601.5068507194519,641.5629863739014,174.72904801368713,620.5633735656738,379.2499191761017,216.67667508125305,1
423.01390796899796,374.9015300273895,131.74638605117798,373.2709082365036,506.6861686706543,611.7083694934845,82.73433834314346,581.509149312973,506.6861686706543,611.7083694934845,82.73433834314346,581.509149312973,291.4546580314636,194.53234934806824,1
526.6233342289925,454.4079084992409,230.32711893320084,451.9180020093918,605.1867487430573,693.034245967865,180.68307173252106,663.4344472885132,605.1867487430573,693.034245967865,180.68307173252106,663.4344472885132,382.67118579149246,270.32358103990555,1
180.51641297340393,158.59893321990967,63.48392713069916,161.76339626312256,209.11219096183777,239.6478796005249,26.764363408088684,239.37699794769287,209.11219096183777,239.6478796005249,26.764363408088684,239.37699794769287,122.70855033397675,96.69678211212158,1
216.3884595632553,204.93157416582108,54.5672510266304,195.57527232170105,213.44034552574158,340.2645372748375,40.42456316947937,330.5992017388344,213.44034552574158,340.2645372748375,40.42456316947937,330.5992017388344,108.82584357261658,96.31796258687973,1
527.6502758860588,340.5702723264694,231.73446798324585,337.27608948946,607.9794759750366,577.2529127001762,188.2529529929161,557.9170692563057,607.9794759750366,577.2529127001762,188.2529529929161,557.9170692563057,389.9080334305763,156.4169101715088,1
531.3919512033463,450.3293709754944,232.6192129254341,438.78494000434875,564.2811937332153,707.9717823266983,195.10720992088318,691.5549502372742,564.2811937332153,707.9717823266983,195.10720992088318,691.5549502372742,395.5623970031738,266.1569708585739,1
502.77731227874756,402.04154574871063,204.57095131278038,392.55068933963776,530.2264829277992,651.8206624984741,160.91283041238785,644.9930201768875,530.2264829277992,651.8206624984741,160.91283041238785,644.9930201768875,359.27360439300537,217.46241354942322,1
419.20322275161743,443.49809527397156,120.60901564359665,431.24348068237305,448.5638310909271,693.6145443916321,79.84500235319138,680.1535081863403,448.5638310909271,693.6145443916321,79.84500235319138,680.1535081863403,277.6082213819027,254.9457232952118,1
449.4861826300621,359.77705961465836,153.73643562197685,353.82793867588043,477.7337837219238,608.5790530443192,105.7364384829998,610.6280316114426,477.7337837219238,608.5790530443192,105.7364384829998,610.6280316114426,308.192979991436,181.17999136447906,1
460.1783001422882,438.653603553772,172.12791502475739,427.37539610266685,498.6861079931259,687.5874438285828,134.25039432942867,675.962050974369,498.6861079931259,687.5874438285828,134.25039432942867,675.962050974369,331.9244635105133,249.8879578113556,1
535.6344664096832,333.8583755493164,240.69118309020996,328.6251926422119,564.6161570549011,575.2331113815308,191.96865767240524,583.6842155456543,564.6161570549011,575.2331113815308,191.96865767240524,583.6842155456543,392.1253286600113,154.28946018218994,1
409.9695326089859,435.6917414665222,113.21450340747833,424.6399688720703,438.92011427879333,690.9214534759521,68.56400120258331,675.3284883499146,438.92011427879333,690.9214534759521,68.56400120258331,675.3284883499146,272.9607323408127,248.55455446243286,1
409.0776020884514,455.08345448970795,117.64502304792404,447.2308133840561,448.2974242568016,707.3990823626518,82.19134047627449,693.6854485273361,448.2974242568016,707.3990823626518,82.19134047627449,693.6854485273361,280.3776286840439,267.03636360168457,1
524.7559310793877,348.27334970235825,223.82167422771454,342.05702528357506,553.4775506854057,595.3188064694405,184.99850860238075,594.3852479457855,553.4775506854057,595.3188064694405,184.99850860238075,594.3852479457855,391.1582783460617,165.1167315840721,1
701.6400775909424,522.7226414680481,179.65967273712158,525.1259207725525,792.2229977846146,901.229739189148,65.08486872911453,903.0740103721619,792.2229977846146,901.229739189148,65.08486872911453,903.0740103721619,445.92514193058014,295.25652408599854,1
413.0598211288452,394.6165753006935,115.5050816833973,377.74869376420975,443.2213759422302,652.9416871666908,72.41183465719223,627.6450899243355,443.2213759422302,652.9416871666908,72.41183465719223,627.6450899243355,276.074074447155,205.04972280561924,1
453.8886203765869,373.0636353492737,159.2725625038147,371.91825699806213,517.2177220582962,640.3993672728539,102.03218272328377,627.176526248455,517.2177220582962,640.3993672728539,102.03218272328377,627.176526248455,307.5143107175827,182.46993857622147,1
531.836712539196,443.67164969444275,238.69323164224625,449.3302595615387,600.8548104166985,707.6100659370422,183.13538014888763,700.5187487602234,600.8548104166985,707.6100659370422,183.13538014888763,700.5187487602234,389.3307890892029,251.6343355178833,1
515.3470239043236,445.82246220111847,216.52488774061203,440.45965737104416,573.325965821743,713.9932425022125,155.52087074518204,703.4258585572243,573.325965821743,713.9932425022125,155.52087074518204,703.4258585572243,359.3509199023247,256.09149730205536,1
428.2301080226898,370.57332906126976,132.97562031447887,372.2751563191414,493.946276307106,631.0177638530731,73.77856421470642,622.9591029286385,493.946276307106,631.0177638530731,73.77856421470642,622.9591029286385,282.9036623239517,180.75741314888,1
405.9072971343994,372.9645848274231,109.54390615224838,374.53895062208176,468.5669541358948,640.504532456398,44.721780717372894,630.2002969384193,468.5669541358948,640.504532456398,44.721780717372894,630.2002969384193,256.7612946033478,183.4869584441185,1
397.29592204093933,459.13632798194885,98.70271921157837,456.67905378341675,462.05461025238037,721.0121989250183,33.9232561737299,712.3702359199524,462.05461025238037,721.0121989250183,33.9232561737299,712.3702359199524,245.2839481830597,264.27184081077576,1
579.9898843169212,368.1711596250534,279.96819218993187,368.9757853746414,642.6160880327225,632.3343530297279,222.57509198784828,626.3008301258087,642.6160880327225,632.3343530297279,222.57509198784828,626.3008301258087,432.8885509967804,175.04463702440262,1
424.32339429855347,400.3040450811386,127.61839091777802,401.8843185901642,487.74699687957764,665.9889441728592,68.55738952755928,653.9289596676826,487.74699687957764,665.9889441728592,68.55738952755928,653.9289596676826,276.19116842746735,207.27102041244507,1
397.47264981269836,444.02688533067703,104.76715862751007,450.0075649023056,469.62398290634155,698.3573446273804,47.97352850437164,697.0775300264359,469.62398290634155,698.3573446273804,47.97352850437164,697.0775300264359,254.81358170509338,251.96642923355103,1
783.7284606695175,514.747017621994,248.66326466202736,486.53159737586975,921.0032224655151,858.5625171661377,77.72441923618317,846.731162071228,921.0032224655151,858.5625171661377,77.72441923618317,846.731162071228,577.6168555021286,395.4893946647644,1
421.03527426719666,433.4576892852783,123.84758904576302,435.41113317012787,485.9916079044342,694.8494100570679,62.328371703624725,688.8933098316193,485.9916079044342,694.8494100570679,62.328371703624725,688.8933098316193,271.2852269411087,239.13194596767426,1
538.1011810302734,444.78108859062195,240.45224905014038,446.04261088371277,551.5027627944946,691.3838424682617,193.93023467063904,667.5211987495422,551.5027627944946,691.3838424682617,193.93023467063904,667.5211987495422,381.4002447128296,266.3904719352722,1
469.70758152008057,445.9879446029663,170.96528148651123,442.96103060245514,490.52649307250977,691.2530636787415,121.19518089294434,659.2173804044724,490.52649307250977,691.2530636787415,121.19518089294434,659.2173804044724,318.69691371917725,268.27416998147964,1
500.94765043258667,394.3346629142761,201.18843859434128,389.452260017395,522.5390124320984,641.484780550003,149.8392774760723,607.8798151016235,522.5390124320984,641.484780550003,149.8392774760723,607.8798151016235,346.5185714364052,218.63453078269958,1
435.54120683670044,365.5862968862057,136.71338313817978,364.3553968369961,453.6696124076843,612.7143031954765,85.3783267736435,582.9127981066704,453.6696124076843,612.7143031954765,85.3783267736435,582.9127981066704,282.73935091495514,189.12776219844818,1
542.3593804836273,335.102609872818,238.74192613363266,335.5425143837929,571.4676611423492,580.262145280838,189.30363142490387,548.5497253537178,571.4676611423492,580.262145280838,189.30363142490387,548.5497253537178,388.8293341398239,156.06496787071228,1
556.2326109409332,340.8058319091797,251.59461095929146,332.40175104141235,571.3614356517792,593.9761509895325,219.79509383440018,572.2743520736694,571.3614356517792,593.9761509895325,219.79509383440018,572.2743520736694,402.37044870853424,156.17693769931793,1
439.6008323431015,378.46411377191544,145.74858474731445,374.6154171824455,464.38128113746643,624.5778788328171,89.52055597305298,589.0637092590332,464.38128113746643,624.5778788328171,89.52055597305298,589.0637092590332,291.03695744276047,200.87635827064514,1
550.9581764936447,349.22028732299805,253.2911241054535,345.2738879919052,568.6124098300934,597.4318249225616,206.43553793430328,573.6379272937775,568.6124098300934,597.4318249225616,206.43553793430328,573.6379272937775,400.89729833602905,169.42356991767883,1
696.2359435558319,476.83035308122635,172.72203317284584,466.7776470184326,677.0897090435028,880.1423668265343,144.30807745456696,871.0490618348122,677.0897090435028,880.1423668265343,144.30807745456696,871.0490618348122,431.6735628247261,324.19045132398605,1
409.55175018310547,355.9199523925781,111.35158491134644,350.1889114379883,430.35935497283936,602.6795654296875,55.254355907440186,566.5833892822266,430.35935497283936,602.6795654296875,55.254355907440186,566.5833892822266,254.6159839630127,174.44613647460938,1
530.5528084635735,427.74978482723236,230.92903476953506,431.5328411459923,610.066299021244,655.1282153725624,225.2243395447731,680.0961177349091,610.066299021244,655.1282153725624,225.2243395447731,680.0961177349091,386.02382093667984,253.1554450392723,1
438.2199305295944,370.4534547328949,143.8590525984764,376.3713287115097,518.154956817627,609.2396261692047,135.83771182596684,622.494368314743,518.154956817627,609.2396261692047,135.83771182596684,622.494368314743,296.88224786520004,200.39026260375977,1
512.473585486412,340.8132639527321,220.2355479001999,343.74497574567795,592.0678617954254,575.0365365743637,211.57826137542725,593.1001188158989,592.0678617954254,575.0365365743637,211.57826137542725,593.1001188158989,370.9284700155258,167.06528109312057,1
398.5596266388893,346.5051805973053,102.11065971851349,351.1867940425873,475.8005914092064,581.8557715415955,99.7776774764061,601.8957996368408,475.8005914092064,581.8557715415955,99.7776774764061,601.8957996368408,262.6245091855526,175.5934551358223,1
546.9174863100052,347.6576731801033,257.91760116815567,344.85320860147476,621.5712804794312,586.2334766983986,252.22079694271088,597.2613709568977,621.5712804794312,586.2334766983986,252.22079694271088,597.2613709568977,410.959046959877,175.18674166500568,1
419.52705001831055,433.48729276657104,121.18355941772461,437.9498075544834,494.5960464477539,669.352134346962,111.36983299255371,685.1516864895821,494.5960464477539,669.352134346962,111.36983299255371,685.1516864895821,277.9087829589844,254.9184820652008,1
515.9799292683601,352.6365101337433,221.67036750912666,354.2753264307976,589.3102585077286,591.4930298924446,213.76131480932236,601.7709463834763,589.3102585077286,591.4930298924446,213.76131480932236,601.7709463834763,370.2898645401001,174.5021715760231,1
395.7783830165863,366.8911259174347,98.96010160446167,375.17543518543243,476.2297604084015,604.3290836811066,101.89322018623352,624.5108540058136,476.2297604084015,604.3290836811066,101.89322018623352,624.5108540058136,258.8629685640335,195.64782738685608,1
373.09816122055054,445.1739935874939,69.46127986907959,449.30870485305786,448.07020926475525,675.3919231891632,59.08892107009888,694.6330180168152,448.07020926475525,675.3919231891632,59.08892107009888,694.6330180168152,226.52744853496552,271.45450508594513,1
772.4886500835419,514.6766820549965,242.8029170036316,498.7913650274277,786.5973608493805,931.4210287332535,118.6394867002964,867.790931224823,786.5973608493805,931.4210287332535,118.6394867002964,867.790931224823,539.5675684809685,393.29335153102875,1
598.6029244065285,356.95392751693726,307.01468351483345,359.56688368320465,682.4287487268448,585.0835747718811,309.1214900314808,608.1570217609406,682.4287487268448,585.0835747718811,309.1214900314808,608.1570217609406,456.8958760499954,182.94926404953003,1
264.5287683606148,200.8918309211731,127.4884124994278,194.0670919418335,277.4116435647011,309.4802141189575,113.35676997900009,297.1315002441406,277.4116435647011,309.4802141189575,113.35676997900009,297.1315002441406,199.46395128965378,105.45621871948242,1
320.9984622001648,211.38857874274254,184.58808553218842,205.39278465509415,334.20935583114624,319.1684193611145,169.08840572834015,310.60075479745865,334.20935583114624,319.1684193611145,169.08840572834015,310.60075479745865,254.96237325668335,118.49230980873108,1
233.3097904920578,224.67657458782196,96.82469069957733,218.13504123687744,246.27414345741272,332.51305532455444,81.26882463693619,322.45048427581787,246.27414345741272,332.51305532455444,81.26882463693619,322.45048427581787,168.0123209953308,131.4173526763916,1
395.7541518807411,326.17245054244995,259.03819662332535,319.54269552230835,409.0147901773453,437.49151825904846,242.54694890975952,425.2050127983093,409.0147901773453,437.49151825904846,242.54694890975952,425.2050127983093,330.66679924726486,232.45273399353027,1
272.2263571023941,198.36951661109924,136.30736923217773,191.8160271346569,284.4294185638428,306.6074122786522,120.6903030872345,295.8699144721031,284.4294185638428,306.6074122786522,120.6903030872345,295.8699144721031,207.02376055717468,103.80871653556824,1
233.5124795436859,236.63426300883293,97.12930834293365,229.46233066916466,246.6220293045044,346.92410641908646,81.9452930688858,333.751721739769,246.6220293045044,346.92410641908646,81.9452930688858,333.751721739769,169.59339272975922,141.18441879749298,1
378.293826341629,192.76678329706192,242.28562688827515,185.2654402256012,391.38630652427673,301.8120095729828,226.56399178504944,290.3372232913971,391.38630652427673,301.8120095729828,226.56399178504944,290.3372232913971,314.7807025909424,96.40957939624786,1
242.51013481616974,272.2998888492584,104.93999016284943,265.1026067137718,254.97391098737717,379.59843695163727,90.6516877412796,367.1297315955162,254.97391098737717,379.59843695163727,90.6516877412796,367.1297315955162,177.77154552936554,176.6656337082386,1
226.1300191283226,254.42276883125305,90.05967056751251,246.1467168033123,238.46901753544807,361.6006543636322,75.08604285120964,351.24410873651505,238.46901753544807,361.6006543636322,75.08604285120964,351.24410873651505,161.93361908197403,158.01135575771332,1
700.3120222091675,461.811227619648,179.8381154537201,464.3758302927017,734.2103519439697,882.3689190745354,118.7349271774292,864.1085097789764,734.2103519439697,882.3689190745354,118.7349271774292,864.1085097789764,436.03763723373413,375.6110243201256,1
438.6244083046913,171.04568243026733,301.7785274684429,165.60161381959915,451.6145513653755,277.5299406051636,285.9902273416519,267.86198794841766,451.6145513653755,277.5299406051636,285.9902273416519,267.86198794841766,375.9749125242233,75.40801703929901,1
364.4405097961426,253.14205515384674,227.02593278884888,246.45817291736603,380.0313596725464,358.21020889282227,208.9091281890869,347.43070697784424,380.0313596725464,358.21020889282227,208.9091281890869,347.43070697784424,298.7566108703613,157.46731424331665,1
224.10988569259644,198.2473948597908,87.8273606300354,192.76570558547974,240.68206071853638,302.4206417798996,68.50717753171921,293.4732758998871,240.68206071853638,302.4206417798996,68.50717753171921,293.4732758998871,160.82692444324493,103.12567055225372,1
397.1104624271393,180.48632472753525,260.30483508110046,174.03132364153862,413.03844076395035,288.6323055624962,241.2823435664177,276.34602785110474,413.03844076395035,288.6323055624962,241.2823435664177,276.34602785110474,333.9586309790611,84.41448502242565,1
197.26729702949524,178.2627716064453,60.45565527677536,172.94721603393555,213.7960250377655,283.071231842041,40.89243882894516,273.17554473876953,213.7960250377655,283.071231842041,40.89243882894516,273.17554473876953,134.06829798221588,82.51622772216797,1
434.40957593917847,171.3202565908432,297.4963096380234,165.8026948571205,450.5046387910843,275.67576348781586,279.040380269289,265.3873187303543,450.5046387910843,275.67576348781586,279.040380269289,265.3873187303543,370.4566921591759,75.77990531921387,1
321.3981395959854,176.816823720932,183.52744922041893,171.20248594880104,337.05061942338943,281.91117346286774,165.77077195048332,273.8520619869232,337.05061942338943,281.91117346286774,165.77077195048332,273.8520619869232,257.509500682354,81.80514228343964,1
201.22530698776245,196.6295886039734,66.80837586522102,190.86438655853271,219.87706303596497,302.44519567489624,46.794419065117836,293.83399868011475,219.87706303596497,302.44519567489624,46.794419065117836,293.83399868011475,137.31446161866188,103.52642583847046,1
357.32610845565796,157.98962724208832,223.19892024993896,151.5075678229332,370.99092799425125,267.7349283695221,207.1489558815956,257.702490568161,370.99092799425125,267.7349283695221,207.1489558815956,257.702490568161,291.79570639133453,62.89205992221832,1
289.84252882003784,237.25001579523087,153.33533120155334,231.129579693079,302.6262788772583,343.02675426006317,139.25400137901306,337.1649409532547,302.6262788772583,343.02675426006317,139.25400137901306,337.1649409532547,222.70851945877075,144.3205000758171,1
686.8637037277222,495.38949966430664,159.28812700510025,514.4735008478165,751.1583080291748,868.5448086261749,141.84443986415863,914.2803239822388,751.1583080291748,868.5448086261749,141.84443986415863,914.2803239822388,392.18801897764206,407.4434745311737,1
251.40385103225708,332.532262802124,113.96661031246185,325.49986839294434,263.7947087287903,441.08004570007324,99.77750289440155,431.1031222343445,263.7947087287903,441.08004570007324,99.77750289440155,431.1031222343445,186.91887140274048,238.80792260169983,1
306.6537959575653,202.11880660057068,168.07207971811295,195.5072190463543,322.00617295503616,307.0382995605469,151.18285086750984,297.1863371729851,322.00617295503616,307.0382995605469,151.18285086750984,297.1863371729851,243.14151120185852,105.48144596815109,1
314.1012558937073,339.00813722610474,175.24730777740479,333.73423916101456,329.72316312789917,443.1284005045891,157.75300788879395,435.23279106616974,329.72316312789917,443.1284005045891,157.75300788879395,435.23279106616974,249.8276810646057,243.17698681354523,1
405.55484533309937,275.15896129608154,268.3026945590973,267.83923184871674,421.0521161556244,380.9076199531555,248.92844080924988,366.30986177921295,421.0521161556244,380.9076199531555,248.92844080924988,366.30986177921295,342.6268172264099,179.41940730810165,1
389.58019614219666,165.0908076763153,251.52839720249176,158.9559761285782,405.05741238594055,271.67612171173096,232.62672424316406,259.56795597076416,405.05741238594055,271.67612171173096,232.62672424316406,259.56795597076416,324.0534111857414,68.6818699836731,1
437.7751543521881,178.13187313079834,300.81534522771835,171.49077731370926,453.5328994989395,282.7866926789284,282.0629351735115,271.1795532107353,453.5328994989395,282.7866926789284,282.0629351735115,271.1795532107353,374.2876306772232,82.99350284039974,1
374.1605043411255,208.50414234399796,236.573086977005,202.17368537187576,390.54476022720337,313.93685567379,219.993257522583,304.90416890382767,390.54476022720337,313.93685567379,219.993257522583,304.90416890382767,310.16459941864014,113.11070245504379,1
287.64429688453674,194.1340136528015,150.03106594085693,186.4851508140564,303.6840468645096,298.8781690597534,131.47545978426933,285.7253751754761,303.6840468645096,298.8781690597534,131.47545978426933,285.7253751754761,222.35890477895737,97.11974787712097,1
776.3946772813797,545.5036289691925,238.54413260519505,537.7033703327179,832.3679257631302,937.9596333503723,160.10154673457146,940.5219638943672,832.3679257631302,937.9596333503723,160.10154673457146,940.5219638943672,507.85589665174484,287.0979698896408,1
1062.603411912918,553.136042714119,531.6331953406334,541.0809952020645,1234.3203321099281,875.1281689405441,321.3328948020935,858.0727056264877,1234.3203321099281,875.1281689405441,321.3328948020935,858.0727056264877,794.0279389619827,295.8972424864769,1
751.6779375076294,552.8177624940872,215.88139653205872,547.9851980209351,889.7737014293671,937.9856781959534,56.130894124507904,933.7586050033569,889.7737014293671,937.9856781959534,56.130894124507904,933.7586050033569,471.8596091866493,317.5492779016495,1
178.99695229530334,157.8344964981079,75.12415325641632,159.8915147781372,177.9524266719818,247.02472686767578,24.816256165504456,240.5642795562744,177.9524266719818,247.02472686767578,24.816256165504456,240.5642795562744,129.93931186199188,103.38598966598511,1
712.4845597743988,546.7199751138687,193.88731741905212,536.0911085605621,783.7419319152832,938.9906585216522,75.56648561358452,938.2006161808968,783.7419319152832,938.9906585216522,75.56648561358452,938.2006161808968,459.19464588165283,249.00267094373703,1
510.87714672088623,378.67764830589294,149.14401131868362,394.9933782219887,524.3736050128937,600.3129994869232,122.75665044784546,636.6850733757019,524.3736050128937,600.3129994869232,122.75665044784546,636.6850733757019,340.1236125230789,202.23050639033318,1
548.375346660614,406.53633442521095,143.94525408744812,410.6291087567806,603.2693290710449,722.790628194809,83.1026554107666,724.144388616085,603.2693290710449,722.790628194809,83.1026554107666,724.144388616085,343.7098979949951,170.7190147638321,1
588.5385676622391,419.35548561811447,163.50133898854256,423.48118126392365,664.9241478443146,708.2389079332352,103.66835159063339,721.8255000710487,664.9241478443146,708.2389079332352,103.66835159063339,721.8255000710487,375.99019396305084,178.70744627714157,1
674.8593971729279,434.3874524831772,219.9683194756508,461.3678368330002,821.9951974153519,693.6358331441879,156.05927480757236,811.4478076696396,821.9951974153519,693.6358331441879,156.05927480757236,811.4478076696396,459.3334363102913,215.52239406108856,1
563.5721566677094,380.05699157714844,165.95708841085434,381.8093538284302,616.508293390274,654.358434677124,109.47880956530571,644.4228649139404,616.508293390274,654.358434677124,109.47880956530571,644.4228649139404,369.7059378027916,192.8429126739502,1
606.6089057922363,443.6206362247467,175.33502459526062,442.7039113640785,672.4475598335266,747.086025416851,116.77591443061829,752.5466698408127,672.4475598335266,747.086025416851,116.77591443061829,752.5466698408127,401.1663866043091,199.599971473217,1
570.1324536800385,430.69670113921165,163.52118331193924,435.96324348449707,681.0704209804535,673.9050550460815,74.16535139083862,689.4718741178513,681.0704209804535,673.9050550460815,74.16535139083862,689.4718741178513,371.2331359386444,199.6025651693344,1
754.9362931251526,403.584845662117,323.42475521564484,413.5986913740635,864.0756168365479,701.0555988550186,204.98946887254715,718.3055582642555,864.0756168365479,701.0555988550186,204.98946887254715,718.3055582642555,524.4504872560501,260.0114721059799,1
733.9269332885742,393.13316094875336,346.16683197021484,408.9508366584778,754.8006744384766,630.9531722068787,333.9496383666992,666.8124134540558,754.8006744384766,630.9531722068787,333.9496383666992,666.8124134540558,543.8849563598633,208.27837991714478,1
159.44671273231506,156.06127738952637,51.304243206977844,159.21997547149658,171.10352754592896,248.2808017730713,21.06338679790497,245.76908111572266,171.10352754592896,248.2808017730713,21.06338679790497,245.76908111572266,99.7481381893158,110.66917419433594,1
585.3640574216843,456.735098361969,160.55131673812866,447.9224681854248,628.0751830339432,768.732476234436,123.3923390507698,766.7497873306274,628.0751830339432,768.732476234436,123.3923390507698,766.7497873306274,387.1323096752167,215.59031009674072,1
608.2337783575058,456.6594132781029,272.4882398843765,445.71966648101807,729.2611327171326,708.3296436071396,149.07454338669777,705.1275473833084,729.2611327171326,708.3296436071396,149.07454338669777,705.1275473833084,434.7939242720604,261.25808387994766,1
689.0520179271698,501.8844779729843,321.4743000268936,507.7488721013069,828.3110117912292,813.1205826997757,217.47722178697586,818.1959620118141,828.3110117912292,813.1205826997757,217.47722178697586,818.1959620118141,522.0639985799789,296.95052897930145,1
570.0066994428635,458.1434707045555,260.06521824002266,455.9116693139076,637.1127253174782,739.0708787441254,204.20562261343002,726.0539410114288,637.1127253174782,739.0708787441254,204.20562261343002,726.0539410114288,431.2389886379242,286.10959273576736,1
186.08835339546204,157.10829734802246,79.24644273519516,163.4702968597412,209.64336264133453,247.16955184936523,22.390839099884033,242.84883499145508,209.64336264133453,247.16955184936523,22.390839099884033,242.84883499145508,133.50826954841614,112.54863739013672,1
670.3040676116943,482.81989574432373,300.2930727005005,483.91363948583603,876.5783252716064,771.6611361503601,114.55360317230225,763.4969472885132,876.5783252716064,771.6611361503601,114.55360317230225,763.4969472885132,497.2793159484863,263.4204910695553,1
590.2922590970993,458.36009681224823,272.4894292652607,459.7613686323166,643.6029190421104,711.8858671188354,254.06909787654877,727.1663635969162,643.6029190421104,711.8858671188354,254.06909787654877,727.1663635969162,441.02783435583115,310.4882615804672,1
478.2567329406738,403.5037459731102,198.0239405632019,396.4188839793205,620.7760028839111,653.6284351944923,74.31642735004425,653.5593729615211,620.7760028839111,653.6284351944923,74.31642735004425,653.5593729615211,341.56031131744385,221.16355293989182,1
487.1440291404724,422.70222276449203,194.13850665092468,425.4861357808113,532.0111703872681,653.7294307351112,158.9429748058319,680.8345770835876,532.0111703872681,653.7294307351112,158.9429748058319,680.8345770835876,325.96513628959656,249.84577417373657,1
382.4171142578125,412.45559525489807,124.58943939208984,406.4605450630188,431.60809326171875,588.3884372711182,95.51300048828125,651.7269842624664,431.60809326171875,588.3884372711182,95.51300048828125,651.7269842624664,275.71807861328125,250.05736994743347,1
563.8632329106331,462.55514097213745,216.57387015223503,453.8689064383507,664.1333377361298,791.9142962098122,144.52007988095284,774.6510457992554,664.1333377361298,791.9142962098122,144.52007988095284,774.6510457992554,409.89120650291443,275.2305334806442,1
153.968395113945,166.1643648147583,36.125076591968536,165.97091674804688,165.47909474372864,256.3967514038086,27.434249818325043,257.8765296936035,165.47909474372864,256.3967514038086,27.434249818325043,257.8765296936035,96.35998284816742,96.96739196777344,1
586.306149482727,448.36543053388596,239.45671433210373,445.82524955272675,670.2196221351624,778.1481146812439,165.07018525898457,760.5214223265648,670.2196221351624,778.1481146812439,165.07018525898457,760.5214223265648,444.6527304649353,267.27813333272934,1
408.46634244918823,327.3935585618019,133.30891080200672,319.16439735889435,487.7211068868637,525.7577105164528,53.126297891139984,522.7512374520302,487.7211068868637,525.7577105164528,53.126297891139984,522.7512374520302,273.50017523765564,154.49101394414902,1
470.80633252859116,350.39304399490356,172.17294797301292,343.4442722797394,563.8114124536514,600.3394902944565,86.03162616491318,595.701955139637,563.8114124536514,600.3394902944565,86.03162616491318,595.701955139637,318.23034167289734,167.35897529125214,1
443.2885841727257,341.8676971793175,135.2053805142641,335.0723378062248,534.7040968537331,600.4586700797081,54.20595636963844,593.848674595356,534.7040968537331,600.4586700797081,54.20595636963844,593.848674595356,288.70081302523613,163.85938864946365,1
453.3194683790207,368.04515010118484,152.90449213981628,361.035040974617,542.5637853145599,623.1326938867569,71.08087272942066,614.7706251144409,542.5637853145599,623.1326938867569,71.08087272942066,614.7706251144409,295.2260377407074,187.78283441066742,1
446.8859430551529,362.45354068279266,165.07880434393883,360.0390133857727,525.4235280156136,546.5916006565094,101.4590108692646,551.6112155914307,525.4235280156136,546.5916006565094,101.4590108692646,551.6112155914307,312.49072927236557,178.56183075904846,1
491.9801387786865,404.9608498811722,192.00837242603302,378.98075729608536,535.2083594799042,665.1286572217941,93.26437175273895,613.0283743143082,535.2083594799042,665.1286572217941,93.26437175273895,613.0283743143082,350.39007568359375,207.28804171085358,1
439.35249745845795,370.208937227726,144.1624304652214,344.13457304239273,477.9936647415161,630.8958265185356,46.67708873748779,578.242911696434,477.9936647415161,630.8958265185356,46.67708873748779,578.242911696434,297.4930214881897,176.32548928260803,1
483.82665157318115,402.63405805826187,185.3504455089569,378.59722369909286,524.1525139808655,667.197985470295,85.16443645954132,612.8071711659431,524.1525139808655,667.197985470295,85.16443645954132,612.8071711659431,339.82627511024475,207.43062376976013,1
404.0213900208473,354.817882925272,104.74787651002407,343.95815193653107,433.8089362382889,607.0343500375748,59.92445379495621,596.7210111021996,433.8089362382889,607.0343500375748,59.92445379495621,596.7210111021996,266.3821938931942,165.420164167881,1
492.6286257505417,346.886782348156,192.99250042438507,339.3617032468319,519.6963530778885,599.7159272432327,143.81866466999054,589.6593731641769,519.6963530778885,599.7159272432327,143.81866466999054,589.6593731641769,348.1665610074997,167.10314609110355,1
408.2373368740082,364.3490780591965,112.2635150551796,350.14926767349243,443.23282837867737,619.1289122104645,59.244744539260864,604.8061090707779,443.23282837867737,619.1289122104645,59.244744539260864,604.8061090707779,273.4522624015808,178.65335503220558,1
476.8314059972763,371.82060331106186,179.8097734451294,370.6129533648491,540.0999294519424,637.4561322927475,120.85175728797913,624.4789320230484,540.0999294519424,637.4561322927475,120.85175728797913,624.4789320230484,328.4411973953247,179.10981810092926,1
488.52198427915573,362.7675778865814,195.06103575229645,362.77844405174255,556.0761852264404,621.8227908611298,136.51187589764595,617.2995986938477,556.0761852264404,621.8227908611298,136.51187589764595,617.2995986938477,343.5840817093849,172.21272039413452,1
437.76045083999634,384.0987901687622,144.18174996972084,384.7310390472412,501.62729251384735,645.7573099136353,82.31915166974068,640.5662317276001,501.62729251384735,645.7573099136353,82.31915166974068,640.5662317276001,289.51383036375046,194.3185396194458,1
417.76881170272827,342.2653274536133,124.02369078993797,342.8896541595459,442.1803895831108,590.1090698242188,72.78464767336845,558.7314643859863,442.1803895831108,590.1090698242188,72.78464767336845,558.7314643859863,272.0319146811962,168.16067123413086,1
548.9088141918182,343.78780245780945,249.23935469985008,344.54242926836014,572.2173311710358,593.0456535816193,202.18954595923424,566.150009393692,572.2173311710358,593.0456535816193,202.18954595923424,566.150009393692,397.7796214222908,168.19321990013123,1
461.8169300556183,367.43188720941544,171.8461753129959,362.03048437833786,480.3630805015564,612.2068357467651,121.58037281036377,578.6495523452759,480.3630805015564,612.2068357467651,121.58037281036377,578.6495523452759,316.81853461265564,189.21524441242218,1
218.44985377788544,164.4480800628662,104.1033610701561,166.98260307312012,260.7159379720688,233.2970380783081,57.58650931715965,236.48644924163818,260.7159379720688,233.2970380783081,57.58650931715965,236.48644924163818,162.6333586871624,98.24700593948364,1
390.04375076293945,354.7874677181244,92.746835231781,360.0923076272011,470.2952241897583,596.6350331902504,88.3485860824585,613.7576824426651,470.2952241897583,596.6350331902504,88.3485860824585,613.7576824426651,253.580340385437,185.8097380399704,1
284.53364074230194,214.3798660337925,147.94840943813324,206.2357448041439,297.71029829978943,317.77045035362244,133.06614196300507,311.2466226220131,297.71029829978943,317.77045035362244,133.06614196300507,311.2466226220131,218.36237543821335,116.84013584256172,1
237.8129518032074,222.40688514709473,99.6378082036972,213.4223108291626,251.88457489013672,324.54592418670654,80.60923174023628,312.7317605018616,251.88457489013672,324.54592418670654,80.60923174023628,312.7317605018616,169.35227751731873,123.94353103637695,1
189.26280176639557,162.7915620803833,77.22382602095604,171.83298110961914,243.22899198532104,245.6224250793457,21.387742906808853,247.26459503173828,243.22899198532104,245.6224250793457,21.387742906808853,247.26459503173828,131.4053791165352,104.1016674041748,1
263.7535104751587,218.47224032878876,127.20454239845276,211.10966670513153,284.1029589176178,321.8655141592026,107.47401058673859,311.37172651290894,284.1029589176178,321.8655141592026,107.47401058673859,311.37172651290894,199.79776307940483,124.4176452755928,1
163.27016294002533,161.13583087921143,50.61989709734917,157.9854154586792,180.35980224609375,246.194486618042,31.926611065864563,240.8195686340332,180.35980224609375,246.194486618042,31.926611065864563,240.8195686340332,106.83140873908997,95.40579557418823,1
707.7309198379517,532.0251721143723,337.52357348799706,537.4630126357079,843.6434984207153,816.4664548635483,187.9238460958004,833.8685047626495,843.6434984207153,816.4664548635483,187.9238460958004,833.8685047626495,519.8090844750404,317.9380016028881,1
512.2644656896591,505.34064769744873,165.11883030831814,500.5293641090393,572.0317625999451,815.1004414558411,99.71257898211479,809.917516708374,572.0317625999451,815.1004414558411,99.71257898211479,809.917516708374,352.994011759758,306.5416078567505,1
572.0265035629272,466.8950843811035,224.55485916137695,464.56115770339966,637.8548793792725,782.7676312923431,159.13631749153137,776.6527100801468,637.8548793792725,782.7676312923431,159.13631749153137,776.6527100801468,413.4832019805908,271.342518389225,1
228.2732036113739,176.6370391845703,132.2232964336872,158.50427627563477,229.327650308609,258.70296478271484,79.14014202356339,208.15936088562012,229.327650308609,258.70296478271484,79.14014202356339,208.15936088562012,183.37929725646973,109.1189432144165,0
213.38026809692383,175.69895267486572,96.4192864894867,189.60724353790283,239.76108360290527,232.7749729156494,61.29034924507141,245.9824562072754,239.76108360290527,232.7749729156494,61.29034924507141,245.9824562072754,153.75748133659363,164.33283805847168,0
888.567403793335,638.3107440471649,584.955379486084,562.2376040220261,1096.8260843753815,884.4731386899948,376.2974599599838,735.066036105156,1096.8260843753815,884.4731386899948,376.2974599599838,735.066036105156,659.7910995483398,406.68490529060364,0
169.92080211639404,101.02127283811569,75.27899444103241,129.04715287685394,204.69156503677368,162.97566068172455,85.15168726444244,188.12330728769302,204.69156503677368,162.97566068172455,85.15168726444244,188.12330728769302,97.44940996170044,67.45967781543732,0
674.5351315140724,483.8106495141983,381.26797664165497,413.06442379951477,887.9063538908958,742.637403011322,179.61250072717667,586.664491891861,887.9063538908958,742.637403011322,179.61250072717667,586.664491891861,467.35661870241165,257.36555963754654,0
614.8758994340897,421.6715306043625,339.3261485695839,491.34247303009033,810.8169121742249,594.0775007009506,128.85320818424225,739.578378200531,810.8169121742249,594.0775007009506,128.85320818424225,739.578378200531,532.6916381120682,268.9184658229351,0
634.0516733527184,416.9506126642227,337.5258987545967,491.09606873989105,819.4800907969475,582.5341193675995,141.85291600227356,736.3500394821167,819.4800907969475,582.5341193675995,141.85291600227356,736.3500394821167,549.1666466593742,261.04284167289734,0
626.2625751495361,398.9983288049698,351.30193567276,477.12202674150467,828.1599414348602,566.7025594711304,121.04497253894806,730.9788597822189,828.1599414348602,566.7025594711304,121.04497253894806,730.9788597822189,542.6638722419739,247.09719997644424,0
578.696700334549,467.9995511174202,307.01170802116394,551.4698601365089,774.0655053853989,645.5859215259552,98.51834070682526,791.6626814007759,774.0655053853989,645.5859215259552,98.51834070682526,791.6626814007759,503.2757849097252,317.4311319887638,0
266.38245487213135,123.69406223297119,163.7990779876709,110.76687276363373,259.1540813446045,206.2024548649788,139.4641432762146,175.84828734397888,259.1540813446045,206.2024548649788,139.4641432762146,175.84828734397888,210.34392833709717,63.53140324354172,0
157.44587290287018,120.7495379447937,70.44383564591408,103.56081694364548,162.46975791454315,196.46448504924774,19.363105833530426,112.87456887960434,162.46975791454315,196.46448504924774,19.363105833530426,112.87456887960434,111.95582419633865,62.31960028409958,0
208.62184858322144,129.85873246192932,104.76560282707214,118.84858655929565,243.30452752113342,194.68755626678467,35.28208100795746,180.80674839019775,243.30452752113342,194.68755626678467,35.28208100795746,180.80674839019775,177.0451352596283,88.36353254318237,0
432.25035697221756,428.3300033211708,120.13900846242905,497.5652562379837,609.3743345141411,678.9612058401108,90.22248238325119,773.2059770226479,609.3743345141411,678.9612058401108,90.22248238325119,773.2059770226479,333.96445482969284,292.4495325088501,0
400.57278871536255,341.40966242551804,79.58065211772919,415.0328976511955,577.6277935504913,596.1815118789673,58.88085663318634,689.5883011817932,577.6277935504913,596.1815118789673,58.88085663318634,689.5883011817932,300.0520050525665,201.62626671791077,0
389.5467188358307,401.43258064985275,71.18443129956722,476.309534907341,566.552171587944,652.6426509618759,56.56608957052231,751.840735912323,566.552171587944,652.6426509618759,56.56608957052231,751.840735912323,287.8842097520828,264.0796533226967,0
463.5990126132965,313.4096145629883,134.3077493906021,383.53747606277466,638.6941654682159,564.7487592697144,111.67012929916382,650.242874622345,638.6941654682159,564.7487592697144,111.67012929916382,650.242874622345,361.5469284057617,167.94797837734222,0
400.0660207271576,348.50537967681885,61.66751906275749,408.23390793800354,578.6091987490654,596.9015572071075,54.89679256081581,694.1886987686157,578.6091987490654,596.9015572071075,54.89679256081581,694.1886987686157,294.01495161652565,200.37334191799164,0
397.01913261413574,339.5130264759064,73.23969066143036,404.94375586509705,571.8245182037354,583.7856388092041,54.32880449295044,688.511552810669,571.8245182037354,583.7856388092041,54.32880449295044,688.511552810669,281.96847009658813,192.62474298477173,0
415.6034842133522,456.9012175798416,92.99600467085838,512.324401974678,585.6765284538269,701.5290770530701,77.22528025507927,795.0700526833534,585.6765284538269,701.5290770530701,77.22528025507927,795.0700526833534,315.4439939856529,317.59671038389206,0
412.7976379394531,319.3753561973572,78.2514717578888,388.2468147277832,588.7790083885193,570.1414813995361,62.80119013786316,661.9203548431396,588.7790083885193,570.1414813995361,62.80119013786316,661.9203548431396,305.27207374572754,172.71750926971436,0
495.18464505672455,302.2456307411194,161.64707899093628,362.9742101430893,670.4856419563293,553.819512963295,151.08288317918777,650.6732037067413,670.4856419563293,553.819512963295,151.08288317918777,650.6732037067413,396.1982762813568,160.72049389779568,0
212.4174147248268,123.93300068378448,128.08930599689484,76.99498879909515,253.85249984264374,190.83146917819977,51.471894338727,138.22582733631134,253.85249984264374,190.83146917819977,51.471894338727,138.22582733631134,211.06261152029037,61.534080505371094,0
399.18625193834305,464.78378534317017,75.49729225039482,529.1311526298523,569.1462851166725,717.7134561538696,57.69498685002327,810.3578996658325,569.1462851166725,717.7134561538696,57.69498685002327,810.3578996658325,285.2190470099449,330.5349934101105,0
498.4120080471039,468.77923411130905,202.31282365322113,407.66095077991486,527.4978482723236,738.623793900013,44.26453614234924,638.0615291595459,527.4978482723236,738.623793900013,44.26453614234924,638.0615291595459,311.631844997406,257.8147463798523,0
520.0409399271011,378.657262802124,213.0478731393814,306.89798069000244,551.9013009667397,634.4529938697815,56.153803646564484,538.7252707481384,551.9013009667397,634.4529938697815,56.153803646564484,538.7252707481384,331.14939111471176,161.44062435626984,0
764.9726164340973,336.4839971065521,474.503772854805,272.18085539340973,804.2343664169312,595.335399389267,311.26875311136246,497.08882117271423,804.2343664169312,595.335399389267,311.26875311136246,497.08882117271423,575.3142535686493,131.2775604724884,0
455.29509007930756,403.23927426338196,177.97032076120377,336.64624750614166,499.6337448358536,663.5897662639618,24.616191178560257,540.8857927322388,499.6337448358536,663.5897662639618,24.616191178560257,540.8857927322388,269.70996257662773,191.29342317581177,0
488.28169345855713,441.41315627098083,214.1014528274536,390.5886902809143,522.0781393051147,712.8700774908066,40.407044410705566,604.0715370178223,522.0781393051147,712.8700774908066,40.407044410705566,604.0715370178223,305.59720516204834,234.87324106693268,0
700.8697468042374,340.60209035873413,410.70681869983673,286.31882429122925,742.952863574028,600.2263912558556,252.4559060484171,505.79284608364105,742.952863574028,600.2263912558556,252.4559060484171,505.79284608364105,515.8732815086842,144.05650794506073,0
484.13007831573486,465.32798159122467,175.33868572115898,405.0915105342865,502.1095905303955,729.2415236234665,25.60428559780121,622.5839102268219,502.1095905303955,729.2415236234665,25.60428559780121,622.5839102268219,286.3317776918411,266.0132786035538,0
495.1631393432617,405.74423027038574,211.6323926448822,348.5091778039932,525.2200989723206,690.2817265987396,41.36603021621704,569.55784034729,525.2200989723206,690.2817265987396,41.36603021621704,569.55784034729,308.31104850769043,212.85574424266815,0
488.3771374821663,372.325674533844,215.94885504245758,332.7717679440975,523.0294038057327,662.5973023176193,45.21701943874359,553.665648162365,523.0294038057327,662.5973023176193,45.21701943874359,553.665648162365,312.63717168569565,183.6934107542038,0
187.91377937793732,127.07457369565964,94.5581379532814,86.62311959266663,186.63600826263428,193.28763353824615,40.035884499549866,97.7833279967308,186.63600826263428,193.28763353824615,40.035884499549866,97.7833279967308,141.78132283687592,61.166244864463806,0
462.3659839630127,450.597408413887,180.63473987579346,399.98021721839905,501.3041706085205,719.0614446997643,21.270158767700195,606.0829862952232,501.3041706085205,719.0614446997643,21.270158767700195,606.0829862952232,279.5004839897156,247.84122705459595,0
496.23000609874725,424.6841609477997,202.53501480817795,374.00478541851044,592.981935441494,673.3039945363998,85.96596422791481,635.0050032138824,592.981935441494,673.3039945363998,85.96596422791481,635.0050032138824,367.34134018421173,227.69675731658936,0
469.85706317424774,371.3253893852234,174.27180397510529,326.2218704223633,574.4406777620316,622.8243970870972,63.083498418331146,580.9812126159668,574.4406777620316,622.8243970870972,63.083498418331146,580.9812126159668,352.0338613986969,176.4507122039795,0
480.3950719833374,371.42014610767365,182.15052354335785,325.24930119514465,577.6317692995071,619.5651626586914,74.45633792877197,583.9443807601929,577.6317692995071,619.5651626586914,74.45633792877197,583.9443807601929,355.71880328655243,177.7490894794464,0
454.1731840968132,433.26143431663513,162.0644360780716,392.18646371364594,556.8011329770088,685.4930192828178,44.14715299010277,643.6712825298309,556.8011329770088,685.4930192828178,44.14715299010277,643.6712825298309,332.7937596440315,236.6371130347252,0
732.0876112580299,352.78908613324165,442.42896765470505,310.7073284089565,831.0479867458344,610.1708464026451,317.140716612339,563.985641002655,831.0479867458344,610.1708464026451,317.140716612339,563.985641002655,607.8608953952789,162.15453077852726,0
445.9218978881836,391.51368230581284,150.67339539527893,348.8550513982773,546.9901084899902,643.9082622528076,32.7117383480072,603.7336564064026,546.9901084899902,643.9082622528076,32.7117383480072,603.7336564064026,321.576726436615,197.3688706755638,0
454.47398257255554,376.90739929676056,162.0598350763321,333.03475081920624,551.9174661636353,616.7052865028381,43.49096632003784,589.6854937076569,551.9174661636353,616.7052865028381,43.49096632003784,589.6854937076569,328.28575599193573,179.03083860874176,0
456.2189940214157,350.244919359684,161.75466386973858,305.4831445813179,543.2886528372765,606.1631578803062,43.69646568223834,558.7006042599678,543.2886528372765,606.1631578803062,43.69646568223834,558.7006042599678,323.17293444275856,151.88893581926823,0
447.9017791748047,402.85400971770287,156.62612676620483,359.19229567050934,547.0893487930298,650.606144964695,41.69271373748779,608.5133600234985,547.0893487930298,650.606144964695,41.69271373748779,608.5133600234985,326.570405960083,205.26070296764374,0
234.6460304260254,139.75080752372742,132.8683002591133,107.44596314430237,238.03819251060486,227.44236207008362,60.49667790532112,153.17371904850006,238.03819251060486,227.44236207008362,60.49667790532112,153.17371904850006,213.55107629299164,70.44301414489746,0
444.6086314916611,453.32347494363785,149.33598297834396,409.6911955475807,547.4344662427902,704.2452635765076,32.90832209587097,662.4117661714554,547.4344662427902,704.2452635765076,32.90832209587097,662.4117661714554,316.938313126564,260.05010372400284,0
433.6985453367233,361.7571816444397,151.76455956697464,415.6854019165039,544.165419459343,617.2754364013672,67.3467270731926,638.7430305480957,544.165419459343,617.2754364013672,67.3467270731926,638.7430305480957,269.90164387226105,224.04358577728271,0
413.80450558662415,273.7398572564125,130.5923033952713,333.6839895248413,518.9337179660797,533.0052686929703,46.46643018722534,548.845903635025,518.9337179660797,533.0052686929703,46.46643018722534,548.845903635025,249.69924080371857,142.1424070596695,0
378.4511077404022,325.2095396518707,97.27573144435883,387.3680691719055,488.1641011238098,583.5822014808655,27.33142101764679,590.6115159988403,488.1641011238098,583.5822014808655,27.33142101764679,590.6115159988403,217.35883474349976,191.09087991714478,0
436.8179941177368,294.92523923516273,154.04764860868454,351.77783876657486,547.8143952488899,553.3080397844315,68.2998339831829,583.5044986605644,547.8143952488899,553.3080397844315,68.2998339831829,583.5044986605644,274.5535195171833,164.07964897155762,0
363.65833806991577,307.4706931710243,78.68192517757416,368.5909562110901,475.5478262901306,566.0231359004974,23.124951124191284,584.1480265855789,475.5478262901306,566.0231359004974,23.124951124191284,584.1480265855789,203.62740850448608,176.6768138706684,0
433.1702992916107,350.44774240255356,150.79692178964615,407.5188185572624,540.1918382644653,607.169261097908,63.62860208749771,625.4359973669052,540.1918382644653,607.169261097908,63.62860208749771,625.4359973669052,265.2294229865074,213.08886349201202,0
415.5133038163185,352.58035880327225,131.07456612586975,416.0688763856888,523.6672487854958,616.8918915390968,48.38352182507515,640.8010655641556,523.6672487854958,616.8918915390968,48.38352182507515,640.8010655641556,252.4929926097393,225.8345249891281,0
417.87592339515686,387.3985531926155,133.22238379716873,442.16994255781174,528.9026988744736,643.5795709490776,45.125079691410065,668.3415278792381,528.9026988744736,643.5795709490776,45.125079691410065,668.3415278792381,251.85437107086182,249.3365854024887,0
424.7168469429016,274.4325595498085,143.2202639579773,329.2687848806381,524.6421947479248,530.0579822063446,53.51638841629028,558.272329390049,524.6421947479248,530.0579822063446,53.51638841629028,558.272329390049,262.86743581295013,134.3416450023651,0
424.228218793869,470.78982907533646,236.92381769418716,350.5940528512001,350.9317934513092,608.5317989587784,310.42035788297653,506.531563103199,350.9317934513092,608.5317989587784,310.42035788297653,506.531563103199,248.52516740560532,415.98992997407913,0
418.7830002307892,362.6032953262329,304.771909981966,207.41492867469788,478.2917762994766,519.3749892711639,289.8000721037388,345.35868269205093,478.2917762994766,519.3749892711639,289.8000721037388,345.35868269205093,245.03329014778137,241.93974351882935,0
376.0465938448906,511.60451078414917,228.7247810959816,496.2154049873352,391.9883127808571,685.2205762863159,319.8019675016403,621.1964771747589,391.9883127808571,685.2205762863159,319.8019675016403,621.1964771747589,389.02102196216583,540.7948536872864,0
132.94714039564133,147.43665218353271,51.17995363473892,174.07351970672607,193.66916489601135,205.74475765228271,55.04052734375,253.59801292419434,193.66916489601135,205.74475765228271,55.04052734375,253.59801292419434,107.48181807994843,116.87911033630371,0
269.35260808467865,144.17924451828003,167.6614555120468,111.53900814056396,258.1056432723999,236.68118476867676,110.98238360881805,108.74067306518555,258.1056432723999,236.68118476867676,110.98238360881805,108.74067306518555,222.87440192699432,69.35299587249756,0
720.5406886339188,318.33771711587906,647.2265027761459,335.6643778681755,810.6754052639008,485.7856630682945,812.3296186923981,410.36875462532043,810.6754052639008,485.7856630682945,812.3296186923981,410.36875462532043,782.6324379444122,324.06542694568634,0
745.1793718338013,288.08597564697266,584.081051826477,256.4508056640625,726.31183385849,313.9314651489258,504.69576025009155,305.5337905883789,726.31183385849,313.9314651489258,504.69576025009155,305.5337905883789,669.237226486206,283.8430404663086,0
1088.2258462905884,517.47309923172,654.4075500965118,349.7673627734184,1161.4436051249504,825.544875562191,374.82942909002304,601.6680255532265,1161.4436051249504,825.544875562191,374.82942909002304,601.6680255532265,834.7241735458374,295.8537957072258,0
438.5847067832947,297.7737947702408,301.21927335858345,345.18500089645386,528.5793335735798,506.35749435424805,274.2756373435259,542.367386341095,528.5793335735798,506.35749435424805,274.2756373435259,542.367386341095,395.8396655321121,322.73629331588745,0
475.3915396332741,380.4098701477051,189.13216519355774,346.7941987514496,403.55107218027115,649.4910717010498,95.73893839120865,571.6588234901428,403.55107218027115,649.4910717010498,95.73893839120865,571.6588234901428,236.3069708943367,242.94042825698853,0
411.17851305007935,357.29257011413574,133.12153482437134,303.88049149513245,343.57582092285156,609.8636946678162,30.290349900722504,532.839982509613,343.57582092285156,609.8636946678162,30.290349900722504,532.839982509613,174.92757511138916,202.95462095737457,0
495.5291118621826,323.5952180027962,208.22339683771133,304.91660499572754,422.30398339033127,596.6509498357773,122.41712719202042,528.9894567131996,422.30398339033127,596.6509498357773,122.41712719202042,528.9894567131996,266.48803916573524,189.95420908927917,0
509.1689469218254,329.98152673244476,217.87117660045624,299.84453588724136,439.50325018167496,599.1161054372787,136.62057088315487,529.6088781952858,439.50325018167496,599.1161054372787,136.62057088315487,529.6088781952858,277.69195237755775,178.18238019943237,0
485.206423997879,486.17929100990295,200.2613651752472,447.9264324903488,417.7154642343521,742.6198554039001,115.50261706113815,682.2760713100433,417.7154642343521,742.6198554039001,115.50261706113815,682.2760713100433,251.67632430791855,348.9609159529209,0
509.5702095031738,336.45004642009735,221.38398551940918,305.9514716863632,436.5807800292969,610.8823800086975,133.98130559921265,534.4437439441681,436.5807800292969,610.8823800086975,133.98130559921265,534.4437439441681,274.5894432067871,189.61371409893036,0
674.5393592119217,372.34434002637863,192.56505382061005,575.2545733451843,957.05886054039,679.797766327858,155.32959043979645,886.6536056399345,957.05886054039,679.797766327858,155.32959043979645,886.6536056399345,493.6825751066208,303.71318596601486,0
460.46640634536743,354.404245197773,166.65033847093582,326.37574008107185,381.2514555454254,636.3288136124611,71.46542713046074,562.1051162481308,381.2514555454254,636.3288136124611,71.46542713046074,562.1051162481308,234.1541475057602,199.70013892650604,0
578.0489610433578,447.9203857779503,222.70113015174866,394.5892544388771,491.6000651717186,645.2501254081726,91.74571856856346,644.9525293111801,491.6000651717186,645.2501254081726,91.74571856856346,644.9525293111801,439.1135538816452,233.82941430807114,0
541.2131404876709,498.662491440773,199.20602416992188,441.65059357881546,448.02119612693787,692.2072581648827,72.79967471957207,700.1975793838501,448.02119612693787,692.2072581648827,72.79967471957207,700.1975793838501,419.2232987880707,291.1237527728081,0
844.1330091953278,472.4091541171074,418.36088347435,149.70409110188484,781.7673392295837,718.5919051766396,134.25595450401306,441.1370753645897,781.7673392295837,718.5919051766396,134.25595450401306,441.1370753645897,623.2054438591003,484.44362729787827,0
387.1985722184181,323.98331531882286,71.19750121980906,388.36627382040024,530.2371754646301,574.2640217542648,168.6532176733017,559.6646883487701,530.2371754646301,574.2640217542648,168.6532176733017,559.6646883487701,198.5373419523239,190.63210487365723,0
407.90581077337265,312.22228449583054,78.50745767354965,373.6470036506653,537.1902904510498,602.4285686016083,182.33744150400162,569.7055476307869,537.1902904510498,602.4285686016083,182.33744150400162,569.7055476307869,204.469732940197,187.44196790456772,0
474.7650192975998,612.2860477566719,150.37856823205948,673.5163241624832,616.0957106351852,881.8249492645264,255.44852310419083,862.9940061569214,616.0957106351852,881.8249492645264,255.44852310419083,862.9940061569214,281.11455488204956,479.18175917863846,0
906.0426592826843,398.2292838692665,868.4951900839806,156.76261849701405,810.2085755467415,455.2642983198166,746.9558653235435,184.99579279124737,810.2085755467415,455.2642983198166,746.9558653235435,184.99579279124737,847.6785297989845,385.65810388326645,0
398.45704436302185,240.57783195376396,269.9449673295021,209.2659551501274,399.97067153453827,352.42715060710907,246.27876579761505,332.79332530498505,399.97067153453827,352.42715060710907,246.27876579761505,332.79332530498505,380.1332712173462,149.40600621700287,0
447.6818171739578,333.94446849823,320.14591670036316,302.9050326347351,447.0327858924866,449.2750346660614,298.6996005177498,429.5765495300293,447.0327858924866,449.2750346660614,298.6996005177498,429.5765495300293,429.9787291288376,245.72202801704407,0
259.0703682899475,395.99504470825195,128.04906594753265,368.61383056640625,257.7659251689911,510.11409187316895,107.60455465316772,494.14247131347656,257.7659251689911,510.11409187316895,107.60455465316772,494.14247131347656,239.9317924976349,307.854829788208,0
303.750896692276,277.2327226996422,173.96530735492706,247.6346147954464,301.325448513031,390.5456741452217,152.75402796268463,374.6980093717575,301.325448513031,390.5456741452217,152.75402796268463,374.6980093717575,286.2646949291229,190.71949571371078,0
465.7921224832535,173.30879786610603,336.8704676628113,144.75301131606102,468.09229850769043,287.3684002161026,314.0621766448021,270.84321427345276,468.09229850769043,287.3684002161026,314.0621766448021,270.84321427345276,447.9064151644707,86.72001439332962,0
414.4781944155693,169.45002740621567,285.8306872844696,137.79235303401947,415.1935261487961,282.72004437446594,264.6227315068245,263.20793652534485,415.1935261487961,282.72004437446594,264.6227315068245,263.20793652534485,398.08215379714966,84.79507541656494,0
298.6943101286888,169.307142496109,169.23751831054688,136.18481636047363,298.88953363895416,279.79713678359985,146.13402369618416,260.5895757675171,298.88953363895416,279.79713678359985,146.13402369618416,260.5895757675171,283.94151628017426,83.11927556991577,0
311.3983497619629,170.970799356699,183.54687452316284,139.22733998298645,313.9520215988159,282.77854615449905,163.17063903808594,266.3794447183609,313.9520215988159,282.77854615449905,163.17063903808594,266.3794447183609,293.5609474182129,81.59333795309067,0
436.207772731781,184.81254217028618,306.73350191116333,152.09826970100403,433.1570339202881,294.08307749032974,280.7642488479614,275.01552525162697,433.1570339202881,294.08307749032974,280.7642488479614,275.01552525162697,415.4199733734131,93.42153570055962,0
626.5573941469193,406.85413974523544,153.53081730008125,546.9432644248009,701.1851739883423,829.0224055051804,258.60341691970825,913.2373559474945,701.1851739883423,829.0224055051804,258.60341691970825,913.2373559474945,465.9339627623558,393.4875710606575,0
460.18569016456604,182.23553895950317,328.68006777763367,148.76719564199448,455.98038625717163,294.55265030264854,304.82228994369507,272.52690866589546,455.98038625717163,294.55265030264854,304.82228994369507,272.52690866589546,441.3335380554199,91.78526699542999,0
382.3814785480499,179.02535337209702,253.97594690322876,146.30103868246078,382.5356197357178,292.1984714269638,231.28355741500854,271.36345052719116,382.5356197357178,292.1984714269638,231.28355741500854,271.36345052719116,363.8045847415924,90.04917669296265,0
223.91773331165314,183.20415687561035,96.21073432266712,151.69958317279816,224.1601819396019,293.5803673863411,71.22081372141838,276.3949607908726,224.1601819396019,293.5803673863411,71.22081372141838,276.3949607908726,205.94225996732712,93.13981342315674,0
329.49911320209503,188.3155731856823,199.46097925305367,157.21988439559937,325.2077581882477,302.52451688051224,177.00269651412964,285.0485271215439,325.2077581882477,302.52451688051224,177.00269651412964,285.0485271215439,310.35396832227707,101.67779356241226,0
478.8363924026489,194.47196254134178,351.0349572300911,165.17784512043,479.38317692279816,307.385418176651,326.5073392391205,288.4550169110298,479.38317692279816,307.385418176651,326.5073392391205,288.4550169110298,461.7930846810341,106.26011377573013,0
322.83320903778076,205.28895208239555,193.76483970880508,175.32134073972702,324.6878712773323,318.1426525712013,171.6023396551609,301.82333493232727,324.6878712773323,318.1426525712013,171.6023396551609,301.82333493232727,304.7605463862419,116.29098862409592,0
278.66181242465973,385.61126101017,148.2210495173931,356.26175206899643,275.73613929748535,500.61868315935135,123.43813639879227,482.70034593343735,275.73613929748535,500.61868315935135,123.43813639879227,482.70034593343735,256.98529928922653,297.0995145738125,0
752.45646494627,160.03773510456085,622.9572665095329,126.40929892659187,749.4197351932526,272.3735138773918,601.1730424165726,253.5939335823059,749.4197351932526,272.3735138773918,601.1730424165726,253.5939335823059,731.8401956558228,69.27068829536438,0
280.5243444442749,187.19829189777374,151.00144609808922,157.2189164161682,280.20196974277496,300.37714171409607,129.3948496878147,282.7080945968628,280.20196974277496,300.37714171409607,129.3948496878147,282.7080945968628,262.4079939723015,97.0845890045166,0
306.5271037220955,160.4251304268837,179.46582505106926,127.61444127559662,309.9391911625862,272.86445116996765,156.8924961090088,253.88661217689514,309.9391911625862,272.86445116996765,156.8924961090088,253.88661217689514,291.6084344983101,71.90811324119568,0
587.9850625991821,153.47486782073975,274.20101165771484,493.25343894958496,843.4127569198608,425.40095138549805,554.8728704452515,588.633472442627,843.4127569198608,425.40095138549805,554.8728704452515,588.633472442627,413.3481502532959,409.1478223800659,0
274.7129807472229,302.8397551178932,146.6539205312729,273.36876663565636,275.41656827926636,415.05792701244354,121.98661369085312,396.3715253472328,275.41656827926636,415.05792701244354,121.98661369085312,396.3715253472328,254.96964764595032,212.8663131892681,0
265.96620774269104,225.14299499988556,158.72308838367462,183.20856314897537,255.96655398607254,302.03811597824097,118.92021888494492,228.71351772546768,255.96655398607254,302.03811597824097,118.92021888494492,228.71351772546768,218.65687388181686,140.84166982769966,0
465.84172558784485,421.1207004785538,359.52092856168747,378.7473626732826,456.91804242134094,495.3303475379944,318.7307280898094,423.4501200914383,456.91804242134094,495.3303475379944,318.7307280898094,423.4501200914383,420.7638655304909,337.6496913433075,0
431.4068262577057,344.4600284099579,325.2910326719284,300.83400696516037,420.89686703681946,418.30117732286453,284.7416739463806,345.17457246780396,420.89686703681946,418.30117732286453,284.7416739463806,345.17457246780396,385.3866620063782,260.2962926030159,0
354.8364772796631,277.50755351781845,247.15167331695557,236.073235809803,345.4174175262451,354.85632383823395,209.1166319847107,281.07351118326187,345.4174175262451,354.85632383823395,209.1166319847107,281.07351118326187,307.86328125,192.34911504387856,0
357.6008116006851,273.5487656593323,249.89326286315918,232.11482048034668,348.95517206192017,350.5799170732498,210.70882737636566,279.2658519744873,348.95517206192017,350.5799170732498,210.70882737636566,279.2658519744873,311.64828658103943,187.13834416866302,0
280.15509152412415,178.49530231952667,173.82463735342026,137.27956128120422,272.45256865024567,254.09151363372803,133.5637928545475,183.8029203414917,272.45256865024567,254.09151363372803,133.5637928545475,183.8029203414917,234.29096138477325,96.18327045440674,0
263.3865180015564,414.95375061035156,157.59593188762665,372.36341094970703,255.0653636455536,490.2725143432617,117.14614176750183,418.17078399658203,255.0653636455536,490.2725143432617,117.14614176750183,418.17078399658203,217.09453010559082,330.8515911102295,0
247.63114726543427,326.4030020236969,141.71674752235413,283.82977867126465,238.4486801624298,404.3509660959244,102.21454548835754,329.61120331287384,238.4486801624298,404.3509660959244,102.21454548835754,329.61120331287384,201.39831149578094,241.3439285159111,0
284.29680490493774,201.3851282596588,178.2773091495037,160.34709119796753,277.31955951452255,279.0653874874115,141.1952109336853,204.83236002922058,277.31955951452255,279.0653874874115,141.1952109336853,204.83236002922058,237.45345455408096,118.97185516357422,0
940.7607746124268,403.9240041077137,423.5070753097534,392.52661567926407,1245.458459854126,628.6821295619011,114.12329912185669,603.4875674843788,1245.458459854126,628.6821295619011,114.12329912185669,603.4875674843788,689.4581890106201,481.2123653590679,0
417.7532172203064,192.06834197044373,310.4516315460205,150.16215562820435,409.45440673828125,269.841814994812,270.89666175842285,198.69733917713165,409.45440673828125,269.841814994812,270.89666175842285,198.69733917713165,371.1626958847046,108.53258287906647,0
472.4937915802002,179.72680950164795,365.49987494945526,136.63099175691605,463.42636942863464,255.66128826141357,325.0624403357506,182.734299659729,463.42636942863464,255.66128826141357,325.0624403357506,182.734299659729,425.2824515104294,95.38476741313934,0
464.7064791917801,172.1287658214569,359.5570220351219,129.09864556789398,456.096877515316,248.27927935123444,318.8676705956459,173.48088884353638,456.096877515316,248.27927935123444,318.8676705956459,173.48088884353638,418.8576716184616,88.74634140729904,0
444.3457038998604,170.71299934387207,338.0828552246094,129.3407256603241,436.91635966300964,246.33524751663208,297.3679001927376,172.50685214996338,436.91635966300964,246.33524751663208,297.3679001927376,172.50685214996338,397.5976467728615,86.76419377326965,0
399.75942075252533,161.33033674955368,293.19576263427734,119.67775446176529,392.43842750787735,238.15552824735641,254.55217748880386,166.29137095808983,392.43842750787735,238.15552824735641,254.55217748880386,166.29137095808983,352.96979427337646,77.08895754814148,0
292.6565262079239,215.64179360866547,186.48884296417236,173.50795444846153,284.2334146499634,291.0116210281849,147.55014181137085,219.21397238969803,284.2334146499634,291.0116210281849,147.55014181137085,219.21397238969803,246.72435343265533,130.76233372092247,0
321.71363109350204,186.7352128624916,214.87334325909615,143.91136346757412,312.4282984137535,265.01342222094536,174.4836842417717,192.6989141702652,312.4282984137535,265.01342222094536,174.4836842417717,192.6989141702652,275.14705181121826,103.63973641395569,0
263.1187335252762,195.96059441566467,157.05569922924042,153.58058214187622,254.6975383758545,273.6479878425598,117.67052626609802,199.32455778121948,254.6975383758545,273.6479878425598,117.67052626609802,199.32455778121948,216.45872676372528,110.94980955123901,0
248.52637481689453,167.6524083316326,141.982830286026,125.18658077716827,240.961177110672,244.90475404262543,104.21941292285919,170.62357676029205,240.961177110672,244.90475404262543,104.21941292285919,170.62357676029205,201.3240327835083,83.66867703199387,0
264.23406463861465,154.3430921435356,157.06122702360153,115.87611174583435,258.3672907948494,231.53311842679977,117.56875586509705,164.40067970752716,258.3672907948494,231.53311842679977,117.56875586509705,164.40067970752716,217.55405578017235,72.42588090896606,0
568.1777179837227,347.78857421875,167.8842738866806,546.1885757446289,764.7884684801102,696.361198425293,100.85708922147751,818.4635391235352,764.7884684801102,696.361198425293,100.85708922147751,818.4635391235352,396.52177000045776,350.05452728271484,0
277.8856816291809,402.5200476050377,172.8641481399536,357.1709568500519,271.7904260158539,474.2397485971451,132.12142807245255,404.60363125801086,271.7904260158539,474.2397485971451,132.12142807245255,404.60363125801086,232.0554381608963,315.89512062072754,0
474.6836619377136,174.28219538927078,367.75636130571365,131.29398640990257,465.9230087399483,249.36148595809937,326.9121780693531,177.56326559185982,465.9230087399483,249.36148595809937,326.9121780693531,177.56326559185982,429.6974815130234,90.172010242939,0
315.65540313720703,172.08821922540665,214.85795617103577,211.51116317510605,357.6060748100281,221.98536908626556,221.04270100593567,281.4429599046707,357.6060748100281,221.98536908626556,221.04270100593567,281.4429599046707,258.9209881424904,129.5842423439026,0
301.57369351387024,358.9950064122677,202.562748670578,400.44482016563416,338.4602070450783,408.9079896211624,208.95601505041122,471.3068967461586,338.4602070450783,408.9079896211624,208.95601505041122,471.3068967461586,245.13610124588013,318.8480549454689,0
262.07375049591064,288.4561815261841,160.96073627471924,328.60239243507385,303.6632766723633,339.3971722126007,167.92576789855957,401.42173433303833,303.6632766723633,339.3971722126007,167.92576789855957,401.42173433303833,204.6218762397766,247.9033316373825,0
225.5955457687378,176.5185123682022,123.9131381213665,215.8718839287758,266.5683513879776,227.05019921064377,131.05289220809937,288.7330949306488,266.5683513879776,227.05019921064377,131.05289220809937,288.7330949306488,167.77450096607208,134.83124613761902,0
157.50359845161438,111.40917125344276,54.80148392915726,151.74367064237595,192.58544528484344,158.96663868427277,60.757955968379974,223.09420895576477,192.58544528484344,158.96663868427277,60.757955968379974,223.09420895576477,98.7734055519104,69.60827547311783,0
129.1721714437008,347.9501152038574,29.0821998976171,389.54952907562256,164.91813227534294,396.8135769367218,35.397954650223255,462.5427635908127,164.91813227534294,396.8135769367218,35.397954650223255,462.5427635908127,73.25246398150921,307.9556012749672,0
133.45140141248703,247.02394688129425,34.858903616666794,288.46288669109344,164.5691494345665,294.8741708993912,39.960145175457,362.4415626525879,164.5691494345665,294.8741708993912,39.960145175457,362.4415626525879,76.72040623426437,208.8713185787201,0
143.5191279053688,167.48535829782486,40.737680077552795,206.303793489933,181.31043335795403,217.83515882492065,48.03362387418747,279.4675487279892,181.31043335795403,217.83515882492065,48.03362387418747,279.4675487279892,83.96482586860657,125.2880687713623,0
993.9604110717773,546.7270503044128,528.9428785443306,391.5646376609802,967.4598287343979,859.713300704956,224.14215105772018,667.3747758865356,967.4598287343979,859.713300704956,224.14215105772018,667.3747758865356,881.1228343248367,276.5538954734802,0
308.5856045484543,127.70614948868752,208.72714829444885,167.15763947367668,348.5992319583893,180.1270090341568,214.14917194843292,239.38094428181648,348.5992319583893,180.1270090341568,214.14917194843292,239.38094428181648,253.04615807533264,85.86606135964394,0
280.223186314106,128.45265299081802,178.078805655241,167.06088677048683,317.01527655124664,175.95713630318642,185.26379078626633,238.88254016637802,317.01527655124664,175.95713630318642,185.26379078626633,238.88254016637802,219.12674874067307,87.47213914990425,0
237.29651308059692,150.6381607055664,135.33121800422668,189.83129739761353,275.7151412963867,201.27132892608643,141.08487176895142,262.7991557121277,275.7151412963867,201.27132892608643,141.08487176895142,262.7991557121277,178.90509462356567,109.01519536972046,0
186.19559824466705,124.33153483271599,83.86797606945038,162.78882426023483,223.21214735507965,169.77442201972008,88.65223810076714,234.4956316947937,223.21214735507965,169.77442201972008,88.65223810076714,234.4956316947937,126.4164137840271,82.4427908807993,0
135.37340015172958,86.03836968541145,35.278105437755585,127.67755687236786,168.16226774454117,135.47452092170715,42.15871578454971,199.71984177827835,168.16226774454117,135.47452092170715,42.15871578454971,199.71984177827835,76.77799174189568,46.33575975894928,0
140.08176791667938,128.50939810276031,36.90139617025852,167.3537927865982,174.39354211091995,176.7811341881752,42.791469901800156,240.40881156921387,174.39354211091995,176.7811341881752,42.791469901800156,240.40881156921387,79.52325980365276,86.66441607475281,0
150.93692594766617,128.71166920661926,49.77637726068497,168.3160088956356,187.87112459540367,177.5355405509472,57.19091320037842,240.68078535795212,187.87112459540367,177.5355405509472,57.19091320037842,240.68078535795212,94.0880823135376,87.89110833406448,0
308.70183449983597,102.88816452026367,207.98195677995682,142.15472030639648,349.9001055955887,153.40403366088867,215.2573333978653,215.89446258544922,349.9001055955887,153.40403366088867,215.2573333978653,215.89446258544922,250.9975556731224,62.17781066894531,0
202.20249778032303,348.0239752829075,103.79964369535446,387.39765575528145,241.17995488643646,396.3837804198265,108.90081185102463,459.66544556617737,241.17995488643646,396.3837804198265,108.90081185102463,459.66544556617737,146.6193037033081,308.814597427845,0
164.05360811948776,164.1184709072113,62.389068245887756,203.25839126110077,199.19152969121933,207.89254355430603,67.38600021600723,275.7734913825989,199.19152969121933,207.89254355430603,67.38600021600723,275.7734913825989,104.69226542115211,123.02769064903259,0
171.1594181060791,55.52090746164322,59.534618854522705,113.48366743326187,246.33873653411865,131.3990609049797,69.15763783454895,141.9576432108879,246.33873653411865,131.3990609049797,69.15763783454895,141.9576432108879,133.16141152381897,104.49580577015877,0
780.8075935840607,320.05356109142303,424.09193670749664,230.52310574054718,886.4919649362564,517.2732110023499,219.37612509727478,371.89669024944305,886.4919649362564,517.2732110023499,219.37612509727478,371.89669024944305,570.401205778122,351.1707419157028,0
272.8233696818352,114.15850871801376,171.49720656871796,152.8594668507576,306.82068544626236,161.5433550477028,177.90686210989952,228.76535707712173,306.82068544626236,161.5433550477028,177.90686210989952,228.76535707712173,212.44445058703423,73.77803993225098,0
347.0645385980606,383.5471268892288,240.61446711421013,395.9232216477394,389.01295095682144,465.02720177173615,256.48973882198334,491.3641536831856,389.01295095682144,465.02720177173615,256.48973882198334,491.3641536831856,301.6183868050575,321.1093356311321,0
295.32012605667114,290.91404151916504,191.50442039966583,302.9150171279907,343.3148789405823,374.21417236328125,206.78047513961792,395.8589200973511,343.3148789405823,374.21417236328125,206.78047513961792,395.8589200973511,250.05238580703735,228.16431093215942,0
355.6721392273903,196.35448318719864,248.9015991985798,209.44203341007233,398.8001352548599,282.37972497940063,262.36416816711426,302.078345477581,398.8001352548599,282.37972497940063,262.36416816711426,302.078345477581,308.6960959434509,134.04419788718224,0
172.97060787677765,135.39489632844925,69.6647161245346,149.06584092974663,218.9514136314392,217.17636477947235,83.11295844614506,243.12191331386566,218.9514136314392,217.17636477947235,83.11295844614506,243.12191331386566,128.51120203733444,74.29690665006638,0
333.66021597385406,138.1185019314289,226.8547480404377,149.43887850642204,377.421866774559,222.0179185271263,240.68903371691704,243.574478328228,377.421866774559,222.0179185271263,240.68903371691704,243.574478328228,284.32317221164703,73.75212359428406,0
158.22757118940353,126.0888569355011,53.183093681931496,140.23159486055374,204.01242658495903,215.12936156988144,65.78740860521793,231.39743077754974,204.01242658495903,215.12936156988144,65.78740860521793,231.39743077754974,112.82920226454735,64.6824691593647,0
131.58086922764778,396.8335909843445,25.40356256067753,407.940655708313,173.2641696035862,483.7520445585251,40.80931308865547,505.23694294691086,173.2641696035862,483.7520445585251,40.80931308865547,505.23694294691086,86.44866882264614,333.3031607866287,0
865.0244138836861,452.51753067970276,494.7662830352783,305.72924160957336,818.9740830659866,728.7295305728912,352.8338325023651,528.2889401912689,818.9740830659866,728.7295305728912,352.8338325023651,528.2889401912689,665.9550182819366,189.83822178840637,0
155.47387599945068,205.93957328796387,49.251500099897385,216.02509188652039,200.2356269955635,289.5618939399719,62.79572096467018,310.35161304473877,200.2356269955635,289.5618939399719,62.79572096467018,310.35161304473877,109.0605131983757,140.48424911499023,0
463.73616802692413,369.3860123157501,103.82336676120758,454.52036690711975,573.5049657821655,610.5834684371948,113.2049812078476,743.840202331543,573.5049657821655,610.5834684371948,113.2049812078476,743.840202331543,352.93396973609924,213.20482683181763,0
381.8779900074005,340.8027908205986,279.44527077674866,326.345876455307,365.3325786590576,427.93888807296753,233.98122000694275,386.21271818876266,365.3325786590576,427.93888807296753,233.98122000694275,386.21271818876266,322.05707573890686,265.06890043616295,0
381.83217346668243,315.0360669493675,278.7047639489174,301.57776963710785,363.85865062475204,406.1707110404968,233.47706198692322,372.21649193763733,363.85865062475204,406.1707110404968,233.47706198692322,372.21649193763733,320.64519226551056,240.16647997498512,0
270.2722156047821,258.1911598742008,168.06072083115578,244.70758652687073,252.69679445028305,349.4738413095474,125.22725173830986,311.8820436000824,252.69679445028305,349.4738413095474,125.22725173830986,311.8820436000824,209.79901814460754,182.45132339000702,0
369.8511321544647,147.08374470472336,268.8339620232582,132.62118482589722,354.19123059511185,233.26680183410645,223.16068732738495,193.23938101530075,354.19123059511185,233.26680183410645,223.16068732738495,193.23938101530075,309.8901806473732,72.00920301675797,0
372.09155201911926,122.62378427386284,268.7708486318588,110.70006510615349,355.7294944524765,211.2125100493431,225.61604499816895,182.0578410923481,355.7294944524765,211.2125100493431,225.61604499816895,182.0578410923481,310.6463814973831,50.47425705194473,0
703.9141654968262,376.1250370144844,342.79494285583496,354.8675229549408,715.0697231292725,681.3323961496353,133.72920751571655,399.2263684272766,715.0697231292725,681.3323961496353,133.72920751571655,399.2263684272766,407.19614028930664,207.76688539981842,0
240.17632275819778,326.91774544119835,140.88589081168175,316.92792254686356,224.36266726255417,420.2792098522186,103.87409326434135,379.3463644385338,224.36266726255417,420.2792098522186,103.87409326434135,379.3463644385338,180.85382556915283,255.9054206609726,0
324.3357653617859,148.00022435188293,221.1144516170025,134.945636510849,307.43236577510834,238.83161211013794,175.7513012290001,208.07711219787598,307.43236577510834,238.83161211013794,175.7513012290001,208.07711219787598,263.0128198862076,74.13905239105225,0
549.9409229755402,306.81209713220596,159.66969287395477,390.66567704081535,822.014746427536,412.99944657087326,138.5286704301834,702.4942656159401,822.014746427536,412.99944657087326,138.5286704301834,702.4942656159401,480.77983713150024,256.12267768383026,0
696.193356513977,401.1684675216675,295.7267242670059,281.74149575829506,609.6493399143219,718.8139243423939,313.68746638298035,637.2192544043064,609.6493399143219,718.8139243423939,313.68746638298035,637.2192544043064,479.88609820604324,315.6276667267084,0
577.2655115127563,406.15505933761597,185.6797320842743,329.4087588787079,634.2498083114624,662.2369000911713,54.69304704666138,571.41086769104,634.2498083114624,662.2369000911713,54.69304704666138,571.41086769104,405.72435784339905,176.10695028305054,0
517.732746720314,345.05358719825745,117.37510800361633,431.29214215278625,677.21240401268,535.4591619968414,86.88551831245422,711.7377164363861,677.21240401268,535.4591619968414,86.88551831245422,711.7377164363861,370.8376045525074,219.12557351589203,0
436.92028015851974,290.5218315124512,79.1198518872261,345.72005346417427,539.6493384242058,461.5954613685608,94.77599784731865,526.9205376505852,539.6493384242058,461.5954613685608,94.77599784731865,526.9205376505852,319.35572668910027,178.70591551065445,0
615.8195219635963,336.19891107082367,280.4494035243988,379.22785580158234,469.9347065985203,451.1708341538906,120.22237533330917,505.70383816957474,469.9347065985203,451.1708341538906,120.22237533330917,505.70383816957474,388.5310577452183,200.9630337357521,0
164.76174926757812,67.04366533458233,70.91500854492188,100.87397056818008,240.85739135742188,134.89394730329514,65.68968200683594,119.69214326143265,240.85739135742188,134.89394730329514,65.68968200683594,119.69214326143265,103.7596435546875,106.52202290296555,0
198.77624928951263,183.66052150726318,90.4790860414505,171.73946857452393,200.3587767481804,259.08742904663086,18.227293640375137,239.78516578674316,200.3587767481804,259.08742904663086,18.227293640375137,239.78516578674316,168.0105772614479,136.09694480895996,0
588.6895217895508,495.3863286972046,316.2806968688965,430.35473108291626,794.3794097900391,723.1573033332825,124.8646469116211,585.9327507019043,794.3794097900391,723.1573033332825,124.8646469116211,585.9327507019043,391.74744415283203,286.19595289230347,0
122.59877088665962,134.4166158437729,80.43442562222481,64.43766278028488,128.70226216316223,157.95236444473267,53.209183007478714,134.14358174800873,128.70226216316223,157.95236444473267,53.209183007478714,134.14358174800873,130.28849232196808,94.55846410989761,0
728.0497915148735,534.0884830951691,408.1294652223587,443.4460381269455,534.9688544869423,821.7928638458252,329.93432146310806,734.6206900477409,534.9688544869423,821.7928638458252,329.93432146310806,734.6206900477409,480.9405995607376,331.69337779283524,0
434.4204145669937,368.78848481178284,115.10696911811829,444.5281572341919,608.5834393501282,618.8527069091797,88.4585075378418,713.7977814674377,608.5834393501282,618.8527069091797,88.4585075378418,713.7977814674377,332.55875968933105,232.9140841960907,0
495.6939926147461,364.785540997982,204.0961699783802,319.500484585762,600.934456050396,612.4701143503189,88.5131008028984,573.5252442359924,600.934456050396,612.4701143503189,88.5131008028984,573.5252442359924,375.39900183677673,166.42670285701752,0
444.1991226673126,372.71010795235634,150.14825505018234,333.9603540301323,549.0679867267609,618.8448561429977,37.05994027853012,585.0445050001144,549.0679867267609,618.8448561429977,37.05994027853012,585.0445050001144,319.52748721838,175.27661740779877,0
486.81266713142395,396.4188851416111,200.22537258267403,351.7708851993084,591.2476350665092,641.261228621006,84.31075325608253,605.82253074646,591.2476350665092,641.261228621006,84.31075325608253,605.82253074646,368.3763146996498,200.69093763828278,0
297.29388922452927,294.99521255493164,414.9363985657692,435.3838233947754,359.4065475463867,472.43213653564453,532.2414547204971,575.0901389122009,359.4065475463867,472.43213653564453,532.2414547204971,575.0901389122009,508.27982872724533,361.10037088394165,0
479.1352310180664,385.24971747398376,159.70242235064507,371.31430542469025,361.8842943906784,640.357342839241,53.62193024158478,613.0866183042526,361.8842943906784,640.357342839241,53.62193024158478,613.0866183042526,313.15094673633575,181.584577023983,0
485.93799209594727,429.96517753601074,180.8272566795349,399.2413282394409,438.9407739639282,684.7171487808228,115.77615547180176,664.4438896179199,438.9407739639282,684.7171487808228,115.77615547180176,664.4438896179199,255.00984477996826,227.9764633178711,0
485.4652934074402,390.1780817806721,166.16465592384338,376.32239922881126,366.76245975494385,642.3495898246765,57.09687924385071,625.7486779689789,366.76245975494385,642.3495898246765,57.09687924385071,625.7486779689789,326.601704120636,188.93614214658737,0
488.1276830434799,401.6021053791046,173.03296494483948,387.7840458750725,377.4358695745468,649.4895784258842,63.84696426987648,629.6259815692902,377.4358695745468,649.4895784258842,63.84696426987648,629.6259815692902,328.7581661939621,197.8134861588478,0
471.60709142684937,401.90407931804657,187.72055423259735,365.41671454906464,408.136043548584,662.892872095108,98.05546545982361,588.3404165506363,408.136043548584,662.892872095108,98.05546545982361,588.3404165506363,244.16009432077408,246.62227034568787,0
192.82879626750946,197.66342639923096,83.2712744474411,195.26965141296387,230.52378648519516,235.18080711364746,23.18778681755066,240.29728889465332,230.52378648519516,235.18080711364746,23.18778681755066,240.29728889465332,152.41379117965698,216.15961074829102,0
180.09081959724426,143.02432742714882,34.38542091846466,161.0140742957592,223.32481455802917,263.9634999036789,67.56235721707344,278.9650766849518,223.32481455802917,263.9634999036789,67.56235721707344,278.9650766849518,65.49728608131409,99.04145008325577,0
269.31057381629944,166.6348252594471,161.9091305732727,122.87750369310379,263.42053163051605,242.41472160816193,123.089608669281,170.32766702771187,263.42053163051605,242.41472160816193,123.089608669281,170.32766702771187,223.27245098352432,81.64842885732651,0
212.9720214009285,197.62278497219086,107.420390188694,209.00649178028107,257.37132424116135,284.43932056427,121.60089318454266,306.81111764907837,257.37132424116135,284.43932056427,121.60089318454266,306.81111764907837,167.78854167461395,134.53631854057312,0
248.92917120456696,142.9506328701973,151.31240981817245,172.4204305410385,280.4051930308342,206.71877920627594,162.05516240000725,231.78604102134705,280.4051930308342,206.71877920627594,162.05516240000725,231.78604102134705,172.83348190784454,110.07476902008057,0
155.74523851275444,189.28299236297607,59.33637097477913,218.64525032043457,187.5838105380535,251.66463804244995,68.80685672163963,278.2957946062088,187.5838105380535,251.66463804244995,68.80685672163963,278.2957946062088,80.18865376710892,156.21712678670883,0
166.18214964866638,164.07321453094482,70.7643073797226,208.85188579559326,236.78591179847717,241.99273109436035,30.178673028945923,255.01267433166504,236.78591179847717,241.99273109436035,30.178673028945923,255.01267433166504,82.7851699590683,131.14906311035156,0
149.11245131492615,158.90700817108154,38.11674678325653,182.06844806671143,216.78808665275574,231.89005851745605,40.24221624433994,261.39063835144043,216.78808665275574,231.89005851745605,40.24221624433994,261.39063835144043,61.43700170516968,111.6892147064209,0
164.3553405702114,233.89961564540863,66.76420380175114,263.70488291978836,196.29438269138336,297.08079195022583,78.72547599673271,325.57256585359573,196.29438269138336,297.08079195022583,78.72547599673271,325.57256585359573,90.41561941802502,200.05431190133095,0
